"","datum","valid_speed_count","den_v_tydnu","data_pm100","data_no2","data_hum1","data_pressure","data_windSpeed","data_windImpact","data_volumeMm","month","letni_prazdniny","topna_sezona","statni_svatky","prumerna_teplota_dne","velke_svatky"
"1",2024-01-01,13098,1,26.0521739130435,10.6039130434783,NA,NA,NA,NA,NA,"01/2024",0,1,1,NA,1
"2",2024-01-02,28397,2,13.7466666666667,19.8966666666667,NA,NA,NA,NA,NA,"01/2024",0,1,0,NA,0
"3",2024-01-03,33732,3,4.4375,7.73708333333333,82.701,95777.917,4.794,15.076,0,"01/2024",0,1,0,NA,0
"4",2024-01-04,33987,4,2.02333333333333,10.71375,81.7525,96430.1141666667,4.12666666666667,12.4420833333333,0.02625,"01/2024",0,1,0,7.085,0
"5",2024-01-05,36458,5,24.2179166666667,20.7341666666667,97.4495833333333,97796.1804166667,1.01291666666667,3.46333333333333,0.00375,"01/2024",0,1,0,3.3625,0
"6",2024-01-06,25288,6,38.5929166666667,17.9454166666667,95.0341666666667,97916.2154166667,1.71208333333333,5.94333333333333,0,"01/2024",0,1,0,3.9725,0
"7",2024-01-07,20243,7,8.90333333333333,8.37,79.84875,99646.0070833333,6.86958333333333,18.035,0,"01/2024",0,1,0,-1.915,0
"8",2024-01-08,34104,1,11.04125,10.4566666666667,72.235,101437.777916667,6.64666666666667,16.975,0,"01/2024",0,1,0,-6.1525,0
"9",2024-01-09,33630,2,32.9816666666667,30.735,77.21,102460.590416667,1.52791666666667,4.85333333333333,0,"01/2024",0,1,0,-8.0425,0
"10",2024-01-10,35143,3,45.1479166666667,34.4604166666667,80.9079166666667,102227.256666667,1.14583333333333,3.935,0,"01/2024",0,1,0,-6.615,0
"11",2024-01-11,36005,4,43.91625,29.2620833333333,85.27375,101688.4375,1.0525,3.785,0,"01/2024",0,1,0,-3.6575,0
"12",2024-01-12,39044,5,12.6054166666667,15.1095833333333,87.3995833333333,100747.569166667,1.61083333333333,5.75,0,"01/2024",0,1,0,0.1275,0
"13",2024-01-13,27213,6,5.76416666666667,11.1625,78.1020833333333,99335.79875,3.90541666666667,11.7266666666667,0,"01/2024",0,1,0,1.3675,0
"14",2024-01-14,22261,7,9.77166666666667,11.2366666666667,85.2229166666667,98127.7433333333,4.25791666666667,11.7016666666667,0,"01/2024",0,1,0,1.1625,0
"15",2024-01-15,36385,1,8.48416666666667,12.62125,79.1020833333333,97434.8608333333,5.3575,14.8333333333333,0,"01/2024",0,1,0,1.09,0
"16",2024-01-16,32849,2,6.03916666666667,13.3554166666667,78.7065217391304,98418.7682608696,2.79130434782609,9.11130434782609,0.0117391304347826,"01/2024",0,1,0,-0.4175,0
"17",2024-01-17,34466,3,28.49625,45.5216666666667,95.1258333333333,98448.1941666667,0.8625,3.29333333333333,0,"01/2024",0,1,0,-4.16,0
"18",2024-01-18,29023,4,19.6329166666667,24.9616666666667,95.6866666666667,97489.6179166667,1.25208333333333,4.195,0,"01/2024",0,1,0,-1.695,0
"19",2024-01-19,34523,5,13.00625,18.7725,85.70625,100193.88875,2.32083333333333,6.54833333333333,0.0195833333333333,"01/2024",0,1,0,-4.25,0
"20",2024-01-20,24191,6,11.19125,16.4408333333333,82.0375,101282.257083333,3.11625,8.53,0.00375,"01/2024",0,1,0,-4.0075,0
"21",2024-01-21,20601,7,41.8845833333333,42.8808333333333,88.1983333333333,102261.770833333,1.315,4.14333333333333,0,"01/2024",0,1,0,-8.6875,0
"22",2024-01-22,36479,1,74.4408333333333,64.90375,90.42875,100129.652916667,0.97125,3.79833333333333,0,"01/2024",0,1,0,-0.8625,0
"23",2024-01-23,35308,2,10.3475,14.4120833333333,81.854347826087,99321.9926086957,2.88434782608696,9.35478260869565,0.0908695652173913,"01/2024",0,1,0,5.0525,0
"24",2024-01-24,34568,3,5.05208333333333,7.63958333333333,77.27875,98050.2775,6.41375,18.5633333333333,0.0325,"01/2024",0,1,0,9.9825,0
"25",2024-01-25,34649,4,7.57666666666667,10.7020833333333,66.685,98732.8820833333,5.64291666666667,16.2033333333333,0,"01/2024",0,1,0,7.7725,0
"26",2024-01-26,37443,5,17.5454166666667,27.21875,84.87125,99292.04875,2.89833333333333,8.41166666666667,0.0425,"01/2024",0,1,0,5.695,0
"27",2024-01-27,24550,6,7.40833333333333,10.2791666666667,71.1279166666667,100133.88875,5.66208333333333,15.8783333333333,0,"01/2024",0,1,0,4.4075,0
"28",2024-01-28,19950,7,19.22,21.9954166666667,86.55625,101366.944583333,1.0925,3.84833333333333,0,"01/2024",0,1,0,-0.1075,0
"29",2024-01-29,35789,1,40.0970833333333,21.5920833333333,98.28625,101536.701666667,0.875833333333333,3.305,0,"01/2024",0,1,0,-1.4125,0
"30",2024-01-30,33622,2,28.8754166666667,21.50125,98.5775,101370.104166667,0.986666666666667,3.67333333333333,0,"01/2024",0,1,0,-1.4475,0
"31",2024-01-31,35090,3,68.1129166666667,23.6083333333333,94.7179166666667,100706.562916667,0.742916666666667,3.27833333333333,0,"01/2024",0,1,0,1.145,0
"32",2024-02-01,35188,4,16.9795833333333,16.1091666666667,83.23875,99564.0279166667,2.67541666666667,8.81,0.00375,"02/2024",0,1,0,5.6725,0
"33",2024-02-02,38747,5,8.53958333333333,10.9804166666667,74.0779166666667,99290.6945833333,4.41875,13.2366666666667,0,"02/2024",0,1,0,6.695,0
"34",2024-02-03,25287,6,5.56833333333333,9.35375,82.45125,98412.01375,4.5225,13.7983333333333,0.0125,"02/2024",0,1,0,8.9525,0
"35",2024-02-04,22095,7,2.11416666666667,8.69708333333333,81.935,97867.5695833333,3.91041666666667,12.3616666666667,0.0633333333333333,"02/2024",0,1,0,9.725,0
"36",2024-02-05,36101,1,5.33541666666667,7.09583333333333,72.055,97263.8195833333,5.84208333333333,16.45,0.00375,"02/2024",0,1,0,11.7225,0
"37",2024-02-06,36738,2,6.25125,8.17916666666667,74.7729166666667,97452.1879166667,5.21458333333333,14.4466666666667,0,"02/2024",0,1,0,9.4575,0
"38",2024-02-07,36517,3,4.47666666666667,11.785,82.9858333333333,97074.6875,4.38833333333333,12.515,0.045,"02/2024",0,1,0,5.2075,0
"39",2024-02-08,37772,4,9.81708333333333,18.5775,98.7179166666667,97528.0904166667,0.747916666666667,2.82833333333333,0.08,"02/2024",0,1,0,2.595,0
"40",2024-02-09,39690,5,37.1829166666667,27.685,99.02125,96250.5554166667,0.630833333333333,2.68833333333333,0.0270833333333333,"02/2024",0,1,0,6.53,0
"41",2024-02-10,28591,6,33.7683333333333,15.4933333333333,93.9983333333333,95481.8054166667,1.035,3.99666666666667,0.0183333333333333,"02/2024",0,1,0,8.97,0
"42",2024-02-11,22046,7,16.15125,10.5970833333333,97.64375,95554.41,1.29833333333333,4.72333333333333,0.0816666666666667,"02/2024",0,1,0,8.1175,0
"43",2024-02-12,37546,1,7.81416666666667,10.0225,87.6858333333333,96740.2433333333,1.68125,5.6,0.0075,"02/2024",0,1,0,6.5525,0
"44",2024-02-13,37418,2,10.0341666666667,12.31,76.91875,98517.4654166667,2.18458333333333,7.23333333333333,0,"02/2024",0,1,0,4.5325,0
"45",2024-02-14,39696,3,15.71375,18.7691666666667,87.22375,98875.6595833333,1.27541666666667,4.53666666666667,0,"02/2024",0,1,0,6.7025,0
"46",2024-02-15,38614,4,28.66,20.3883333333333,95.0095833333333,98229.0620833333,0.877916666666667,3.345,0.00375,"02/2024",0,1,0,8.6875,0
"47",2024-02-16,40113,5,35.0995833333333,13.01875,93.39125,98273.9233333333,1.14041666666667,3.84666666666667,0,"02/2024",0,1,0,7.9175,0
"48",2024-02-17,29211,6,21.2333333333333,13.46875,85.5333333333333,98910.2083333333,1.47791666666667,5.445,0.0595833333333333,"02/2024",0,1,0,8.935,0
"49",2024-02-18,24997,7,14.1633333333333,12.4833333333333,83.18875,99442.8125,1.99333333333333,5.49166666666667,0.0133333333333333,"02/2024",0,1,0,7.4975,0
"50",2024-02-19,37020,1,3.45125,9.45833333333333,84.1795833333333,98409.8958333333,4.55208333333333,13.2183333333333,0.0220833333333333,"02/2024",0,1,0,8.87,0
"51",2024-02-20,36621,2,6.07416666666667,9.305,78.7070833333333,98685.7291666667,2.78916666666667,8.85833333333333,0,"02/2024",0,1,0,8.19,0
"52",2024-02-21,37838,3,8.72333333333333,9.675,71.895,97925.4858333333,3.18041666666667,9.02166666666667,0,"02/2024",0,1,0,10.35,0
"53",2024-02-22,36434,4,3.875,10.9920833333333,82.1379166666667,96031.5975,6.06958333333333,15.5233333333333,0.0441666666666667,"02/2024",0,1,0,10.72,0
"54",2024-02-23,39026,5,4.5,8.43583333333333,70.8108333333333,96091.0070833333,4.14625,11.3766666666667,0,"02/2024",0,1,0,7.66,0
"55",2024-02-24,30591,6,10.8458333333333,16.8083333333333,79.695,97289.8958333333,1.76458333333333,5.20166666666667,0,"02/2024",0,1,0,4.865,0
"56",2024-02-25,24509,7,17.9258333333333,17.21625,86.3395833333333,97653.3333333333,1.89875,5.77666666666667,0,"02/2024",0,1,0,4.425,0
"57",2024-02-26,36169,1,32.0945833333333,18.40625,93.0129166666667,97833.3333333333,1.15708333333333,4.045,0,"02/2024",0,1,0,3.195,0
"58",2024-02-27,38564,2,26.6391666666667,14.63125,88.7891666666667,98104.3054166667,2.84916666666667,7.715,0,"02/2024",0,1,0,6.0675,0
"59",2024-02-28,37877,3,12.0266666666667,13.20375,82.8583333333333,98561.84625,1.93166666666667,5.81375,0,"02/2024",0,1,0,5.26,0
"60",2024-02-29,39118,4,50.6468181818182,25.2340909090909,91.2713636363636,98746.25,0.765,2.88363636363636,0,"02/2024",0,1,0,4.75,0
"61",2024-03-01,14823,5,64.0645454545455,17.4145454545455,94.4136363636364,97538.5609090909,1.09090909090909,3.53090909090909,0,"03/2024",0,1,0,NA,0
"62",2024-03-02,28358,6,45.0434782608696,14.2591304347826,90.9808695652174,96976.0143478261,0.90304347826087,3.31826086956522,0.00391304347826087,"03/2024",0,1,0,8.7025,0
"63",2024-03-03,24311,7,21.0483333333333,11.15,82.4083333333333,96680.4166666667,2.5925,7.56,0,"03/2024",0,1,0,7.83,0
"64",2024-03-04,32118,1,28.6439130434783,16.0234782608696,83.9821739130435,97220.3260869565,1.50695652173913,5.18260869565217,0,"03/2024",0,1,0,8.675,0
"65",2024-03-05,36570,2,36.3483333333333,15.6091666666667,89.03375,97955.5904166667,1.36291666666667,4.86833333333333,0.01125,"03/2024",0,1,0,6.68,0
"66",2024-03-06,37874,3,32.5329166666667,12.8025,79.05125,98669.82625,2.98083333333333,8.3,0.00375,"03/2024",0,1,0,5.2625,0
"67",2024-03-07,37836,4,19.3191666666667,9.96375,74.5108333333333,99237.7083333333,3.47958333333333,9.85833333333333,0,"03/2024",0,1,0,4.4725,0
"68",2024-03-08,40392,5,24.6604166666667,15.7391666666667,75.5345833333333,98795.2083333333,3.3325,10.3466666666667,0,"03/2024",0,1,0,5.5325,0
"69",2024-03-09,29620,6,19.4783333333333,10.065,77.7745833333333,97336.25,4.65375,13.6666666666667,0,"03/2024",0,1,0,8.0475,0
"70",2024-03-10,24538,7,18.6675,10.4841666666667,81.39,96425.625,2.91875,9.86833333333333,0,"03/2024",0,1,0,9.845,0
"71",2024-03-11,38636,1,10.5108333333333,13.4491666666667,72.9416666666667,96370.1041666667,3.23666666666667,8.95833333333333,0,"03/2024",0,1,0,10.45,0
"72",2024-03-12,38751,2,8.82666666666667,13.40625,73.495,97478.2983333333,2.26375,7.04833333333333,0,"03/2024",0,1,0,10.0475,0
"73",2024-03-13,39657,3,12.36625,14.06125,74.1558333333333,97821.6666666667,3.07625,7.725,0,"03/2024",0,1,0,8.6125,0
"74",2024-03-14,39797,4,24.7558333333333,23.9275,83.59625,97672.5345833333,1.08458333333333,3.975,0,"03/2024",0,1,0,9.53,0
"75",2024-03-15,42193,5,21.58875,14.6616666666667,84.7129166666667,97275.1733333333,1.31166666666667,4.33666666666667,0,"03/2024",0,1,0,11.85,0
"76",2024-03-16,32872,6,4.44291666666667,9.00291666666667,81.7633333333333,97652.2916666667,2.97708333333333,9.355,0.0379166666666667,"03/2024",0,1,0,9.6225,0
"77",2024-03-17,27859,7,7.56041666666667,12.8066666666667,69.3245833333333,98742.535,2.31583333333333,7.44166666666667,0,"03/2024",0,1,0,6.3525,0
"78",2024-03-18,37407,1,8.08541666666667,15.46875,68.8508333333333,98679.4791666667,2.48125,6.96666666666667,0,"03/2024",0,1,0,5.9975,0
"79",2024-03-19,39452,2,14.535,17.595,69.1966666666667,99009.3058333333,2.27333333333333,6.19833333333333,0,"03/2024",0,1,0,5.3775,0
"80",2024-03-20,39582,3,27.4016666666667,24.4483333333333,71.52625,98582.8470833333,1.72208333333333,4.77166666666667,0,"03/2024",0,1,0,7.445,0
"81",2024-03-21,39312,4,23.6754166666667,17.4891666666667,78.1016666666667,98136.0766666667,2.04041666666667,6.52166666666667,0,"03/2024",0,1,0,10.0625,0
"82",2024-03-22,41134,5,11.2325,10.8141666666667,70.7104166666667,97303.8541666667,3.15083333333333,8.45666666666667,0,"03/2024",0,1,0,13.38,0
"83",2024-03-23,30380,6,11.5216666666667,15.07625,81.8216666666667,97062.3608333333,2.75791666666667,8.35333333333333,0.00375,"03/2024",0,1,0,6.1275,0
"84",2024-03-24,26555,7,3.70666666666667,9.96541666666667,78.5125,97214.7916666667,4.06083333333333,11.0166666666667,0.00375,"03/2024",0,1,0,6.0475,0
"85",2024-03-25,39820,1,5.16291666666667,13.585,76.8141666666667,97194.375,3.19375,9.99666666666667,0.0291666666666667,"03/2024",0,1,0,5.4075,0
"86",2024-03-26,39774,2,12.7791666666667,16.7825,69.9270833333333,96517.8475,3.1025,8.50166666666667,0,"03/2024",0,1,0,9.345,0
"87",2024-03-27,41476,3,8.41291666666667,14.3766666666667,64.8258333333333,94733.9583333333,3.89291666666667,12.1116666666667,0,"03/2024",0,1,0,14.195,0
"88",2024-03-28,41769,4,3.63125,11.0095833333333,71.0133333333333,95274.6875,4.99625,13.3783333333333,0.00875,"03/2024",0,1,0,8.835,0
"89",2024-03-29,27885,5,12.1175,19.7183333333333,75.8983333333333,96523.4029166667,1.54083333333333,5.02833333333333,0,"03/2024",0,1,0,10.0525,0
"90",2024-03-30,30780,6,44.5441666666667,17.3429166666667,69.2658333333333,95448.3683333333,1.88625,6.05166666666667,0,"03/2024",0,1,0,16.0425,0
"91",2024-03-31,24723,7,58.9972727272727,20.23,65.1704545454545,95117.6895454545,1.80772727272727,5.65,0,"03/2024",0,1,0,13.5275,0
"92",2024-04-01,20870,1,25.3883333333333,12.2691666666667,74.7170833333333,95473.7154166667,3.50291666666667,10.1516666666667,0,"04/2024",0,1,1,12.7725,1
"93",2024-04-02,39096,2,2.77791666666667,10.71375,64.7966666666667,96324.23625,4.59458333333333,13.215,0,"04/2024",0,0,0,11.505,0
"94",2024-04-03,39014,3,6.63625,11.14125,73.8020833333333,96735.3470833333,3.90583333333333,9.99833333333333,0.00375,"04/2024",0,0,0,11.715,0
"95",2024-04-04,38803,4,3.07791666666667,12.3558333333333,82.655,96777.6041666667,4.10875,10.9066666666667,0.04375,"04/2024",0,0,0,11.865,0
"96",2024-04-05,41648,5,6.07958333333333,12.1875,79.0354166666667,96889.5141666667,3.27458333333333,8.80166666666667,0.00375,"04/2024",0,0,0,15.6775,0
"97",2024-04-06,33180,6,5.06041666666667,13.2733333333333,64.8591666666667,96080.17375,2.74333333333333,7.1,0,"04/2024",0,0,0,18.91,0
"98",2024-04-07,28266,7,7.18541666666667,17.4195833333333,69.3429166666667,96425.4166666667,2.12625,5.91166666666667,0,"04/2024",0,0,0,17.505,0
"99",2024-04-08,39694,1,9.96,20.79875,72.88875,95908.6458333333,2.01166666666667,5.62833333333333,0,"04/2024",0,0,0,18.43,0
"100",2024-04-09,39733,2,9.14,12.9795833333333,72.1104166666667,95706.3195833333,3.44291666666667,9.87333333333333,0.00708333333333333,"04/2024",0,0,0,18.02,0
"101",2024-04-10,39622,3,4.19041666666667,14.5354166666667,79.93125,98518.2291666667,2.84958333333333,8.47333333333333,0.145833333333333,"04/2024",0,0,0,9.9925,0
"102",2024-04-11,40580,4,6.48708333333333,15.01,73.0558333333333,98880.5554166667,2.77625,7.15,0,"04/2024",0,0,0,12,0
"103",2024-04-12,41978,5,7.19458333333333,20.3495833333333,68.3704166666667,98274.8958333333,2.78916666666667,7.13,0,"04/2024",0,0,0,14.5575,0
"104",2024-04-13,35329,6,7.50541666666667,14.2266666666667,72.9183333333333,97468.75,2.9275,7.63666666666667,0,"04/2024",0,0,0,17.23,0
"105",2024-04-14,28692,7,7.50916666666667,10.90875,71.60625,96698.8195833333,3.01416666666667,8.89666666666667,0,"04/2024",0,0,0,17.0475,0
"106",2024-04-15,38962,1,6.12791666666667,7.99125,66.3304166666667,96216.0066666667,3.95125,11.2433333333333,0,"04/2024",0,0,0,14.675,0
"107",2024-04-16,37702,2,2.13083333333333,15.8383333333333,71.7183333333333,96624.6529166667,4.47041666666667,12.7666666666667,0.0691666666666667,"04/2024",0,0,0,7.7575,0
"108",2024-04-17,39056,3,3.53416666666667,10.1683333333333,74.3870833333333,97065.1041666667,3.30375,9.99333333333333,0,"04/2024",0,0,0,7.43,0
"109",2024-04-18,28998,4,5.5325,12.0829166666667,72.7804166666667,97968.5416666667,3.73333333333333,10.435,0,"04/2024",0,0,0,5.865,0
"110",2024-04-19,21561,5,3.95166666666667,12.9495833333333,78.92625,97576.5629166667,4.38,12.0066666666667,0.01125,"04/2024",0,0,0,6.33,0
"111",2024-04-20,15520,6,3.75166666666667,10.6604166666667,78.9641666666667,97800.3470833333,4.18958333333333,12.2683333333333,0.00708333333333333,"04/2024",0,0,0,4.985,0
"112",2024-04-21,13158,7,6.685,11.1983333333333,71.9891666666667,98727.2225,4.38291666666667,12.0833333333333,0,"04/2024",0,0,0,4.1775,0
"113",2024-04-22,38005,1,7.49791666666667,14.1616666666667,69.9954166666667,99223.5416666667,3.89,10.3833333333333,0,"04/2024",0,0,0,4.6975,0
"114",2024-04-23,38749,2,9.08333333333333,17.015,65.835,98579.965,2.28291666666667,6.575,0,"04/2024",0,0,0,6.64,0
"115",2024-04-24,39468,3,8.2875,15.21125,66.83875,97213.61125,2.33208333333333,6.57833333333333,0,"04/2024",0,0,0,6.0225,0
"116",2024-04-25,38827,4,5.45375,15.4916666666667,78.4258333333333,97308.3329166667,2.7375,8.19666666666667,0.0475,"04/2024",0,0,0,6.4025,0
"117",2024-04-26,41956,5,7.17708333333333,14.1733333333333,68.9508333333333,96961.875,2.59708333333333,6.79333333333333,0.00375,"04/2024",0,0,0,10.66,0
"118",2024-04-27,31627,6,5.55125,13.5179166666667,56.9608333333333,96194.0625,4.435,11.4283333333333,0,"04/2024",0,0,0,17.0525,0
"119",2024-04-28,27122,7,4.56833333333333,16.76,60.21625,96245.6254166667,2.56333333333333,7.62166666666667,0,"04/2024",0,0,0,18.235,0
"120",2024-04-29,40026,1,6.29916666666667,21.7445833333333,66.28125,96673.61125,3.32791666666667,9.12333333333333,0,"04/2024",0,0,0,18.1875,0
"121",2024-04-30,41154,2,5.7275,9.94708333333333,57.3483333333333,96005.2429166667,5.3375,13.5483333333333,0,"04/2024",0,0,0,22.745,0
"122",2024-05-01,27216,3,5.25083333333333,11.2825,54.4283333333333,95386.4929166667,7.23958333333333,18.4966666666667,0,"05/2024",0,0,1,21.07,0
"123",2024-05-02,38755,4,6.71541666666667,8.34208333333333,59.3245833333333,94788.785,8.73875,23.7716666666667,0,"05/2024",0,0,0,20.5125,0
"124",2024-05-03,40902,5,5.88541666666667,18.5720833333333,82.4616666666667,95982.2220833333,2.70916666666667,7.43166666666667,0.0741666666666667,"05/2024",0,0,0,15.57,0
"125",2024-05-04,34534,6,4.58666666666667,10.8004166666667,78.45375,96331.11125,2.20958333333333,6.065,0.00375,"05/2024",0,0,0,16.9725,0
"126",2024-05-05,26396,7,7.87541666666667,12.73125,81.22625,96247.3958333333,2.63,7.26833333333333,0,"05/2024",0,0,0,16.31,0
"127",2024-05-06,38846,1,6.32708333333333,14.68,89.9054166666667,96287.36125,1.21208333333333,4.025,0.0145833333333333,"05/2024",0,0,0,15.2675,0
"128",2024-05-07,39720,2,5.81541666666667,9.64083333333333,92.4220833333333,97185.3125,2.51208333333333,7.18166666666667,0.185416666666667,"05/2024",0,0,0,11.85,0
"129",2024-05-08,25164,3,5.69958333333333,9.70458333333333,73.6370833333333,97691.215,2.61208333333333,7.995,0,"05/2024",0,0,1,12.5125,0
"130",2024-05-09,41126,4,5.59416666666667,13.6120833333333,65.9666666666667,97741.6666666667,2.68541666666667,7.5,0,"05/2024",0,0,0,14.995,0
"131",2024-05-10,40996,5,4.85583333333333,16.6670833333333,64.2916666666667,97319.9304166667,2.86958333333333,7.90333333333333,0,"05/2024",0,0,0,15.9,0
"132",2024-05-11,33186,6,6.80541666666667,15.905,70.1954166666667,97124.20125,1.91458333333333,5.63666666666667,0,"05/2024",0,0,0,17.275,0
"133",2024-05-12,28911,7,6.06375,9.27375,70.4983333333333,96939.8266666667,2.39375,7.19666666666667,0,"05/2024",0,0,0,16.5125,0
"134",2024-05-13,39901,1,3.80791666666667,17.9720833333333,53.8520833333333,96294.3054166667,3.31291666666667,9.56333333333333,0,"05/2024",0,0,0,18.1,0
"135",2024-05-14,39756,2,4.0025,12.3445833333333,59.31125,95940.6595833333,4.99,12.9816666666667,0,"05/2024",0,0,0,20.2175,0
"136",2024-05-15,27955,3,3.514375,8.206875,46.15625,95091.35375,9.215,23.2125,0,"05/2024",0,0,0,NA,0
"137",2024-05-16,39620,4,3.28833333333333,9.16083333333333,57.62125,95557.5695833333,7.81291666666667,21.63,0,"05/2024",0,0,0,19.1325,0
"138",2024-05-17,29787,5,3.70545454545455,14.9813636363636,79.6536363636364,96229.9240909091,5.89772727272727,16.8109090909091,0.0545454545454545,"05/2024",0,0,0,NA,0
"139",2024-05-18,26895,6,2.51583333333333,9.43083333333333,92.0570833333333,96371.0066666667,4.29583333333333,9.18,0.08875,"05/2024",0,0,0,14.6175,0
"140",2024-05-19,24044,7,4.40166666666667,10.93,82.98875,96227.9166666667,2.02041666666667,6.07833333333333,0.00375,"05/2024",0,0,0,15.9375,0
"141",2024-05-20,36728,1,4.33916666666667,14.9516666666667,72.5729166666667,95829.2708333333,2.8475,7.755,0,"05/2024",0,0,0,19.4575,0
"142",2024-05-21,36093,2,7.01041666666667,17.67625,82.0079166666667,95587.32625,3.435,10.1516666666667,0.0325,"05/2024",0,0,0,18.9975,0
"143",2024-05-22,38133,3,3.84833333333333,9.81958333333333,87.90125,95747.3266666667,1.94833333333333,6.41166666666667,0.05,"05/2024",0,0,0,17.105,0
"144",2024-05-23,38658,4,3.69333333333333,11.0004166666667,72.0633333333333,96014.9308333333,2.70416666666667,7.46,0,"05/2024",0,0,0,18.685,0
"145",2024-05-24,40378,5,5.8075,14.0520833333333,81.21625,96623.8891666667,2.67166666666667,7.62166666666667,0,"05/2024",0,0,0,17.6075,0
"146",2024-05-25,30212,6,6.82,13.8866666666667,84.095,96642.1525,1.89333333333333,5.65,0.04,"05/2024",0,0,0,17.7025,0
"147",2024-05-26,24810,7,7.45666666666667,14.7808333333333,86.4504166666667,96795.9720833333,2.48625,6.78333333333333,0.09125,"05/2024",0,0,0,16.2725,0
"148",2024-05-27,38035,1,7.5875,11.0420833333333,86.2904166666667,96356.5275,1.7325,5.13666666666667,0.313333333333333,"05/2024",0,0,0,17.075,0
"149",2024-05-28,32075,2,4.28541666666667,10.1425,88.4058333333333,96735,2.06416666666667,5.76,0.151666666666667,"05/2024",0,0,0,15.5225,0
"150",2024-05-29,34391,3,5.64041666666667,10.6079166666667,74.8945833333333,96280.2429166667,2.47666666666667,6.56666666666667,0,"05/2024",0,0,0,18.0675,0
"151",2024-05-30,39412,4,3.585,15.59875,88.2208333333333,95584.8958333333,2.73833333333333,7.32666666666667,0.0770833333333333,"05/2024",0,0,0,16.245,0
"152",2024-05-31,40444,5,3.07083333333333,16.085,84.3266666666667,95601.6666666667,2.795,8.17166666666667,0.15125,"05/2024",0,0,0,17.08,0
"153",2024-06-01,15451,6,4.54041666666667,8.99041666666667,96.1670833333333,95875.8333333333,1.75291666666667,5.46,0.0766666666666667,"06/2024",0,0,0,17.7475,0
"154",2024-06-02,12263,7,7.41958333333333,10.9729166666667,87.4979166666667,96074.41,2.98666666666667,8.57166666666667,0.0391666666666667,"06/2024",0,0,0,19.705,0
"155",2024-06-03,35111,1,7.31583333333333,7.00375,82.36625,96590.0345833333,2.50416666666667,7.66,0,"06/2024",0,0,0,16.2275,0
"156",2024-06-04,30472,2,7.95375,9.36916666666667,73.7783333333333,96318.785,2.55375,6.95666666666667,0,"06/2024",0,0,0,18.4175,0
"157",2024-06-05,28332,3,6.84875,12.8416666666667,78.0641666666667,96039.20125,2.41,6.52666666666667,0,"06/2024",0,0,0,19.0075,0
"158",2024-06-06,38884,4,4.48875,13.7429166666667,78.23,96088.0904166667,2.42958333333333,6.88,0.0329166666666667,"06/2024",0,0,0,19.265,0
"159",2024-06-07,23323,5,6.01041666666667,11.6183333333333,70.2854166666667,96120.9375,2.8025,7.715,0,"06/2024",0,0,0,20.18,0
"160",2024-06-08,25325,6,7.64708333333333,10.5929166666667,65.52375,95468.5066666667,3.05375,7.85333333333333,0,"06/2024",0,0,0,22.6275,0
"161",2024-06-09,20277,7,6.09333333333333,10.3791666666667,61.7391666666667,95000.45125,3.37791666666667,9.585,0,"06/2024",0,0,0,21.1825,0
"162",2024-06-10,38276,1,3.52916666666667,9.43791666666667,62.7895833333333,95032.98625,2.16,6.06166666666667,0,"06/2024",0,0,0,19.4125,0
"163",2024-06-11,31317,2,2.545,9.83208333333333,57.895,96183.57625,4.06125,11.7733333333333,0,"06/2024",0,0,0,15.6425,0
"164",2024-06-12,40148,3,2.81541666666667,12.30125,64.0741666666667,96700.0695833333,2.89708333333333,7.41833333333333,0,"06/2024",0,0,0,15.9,0
"165",2024-06-13,35524,4,4.70208333333333,12.92625,75.9929166666667,96912.32625,2.52791666666667,7.39833333333333,0.0195833333333333,"06/2024",0,0,0,15.2225,0
"166",2024-06-14,42137,5,4.73041666666667,10.0216666666667,77.6570833333333,96726.66625,3.35291666666667,8.35166666666667,0,"06/2024",0,0,0,16.9325,0
"167",2024-06-15,20830,6,3.54625,12.4875,78.3866666666667,95751.4233333333,2.75791666666667,7.655,0.005,"06/2024",0,0,0,18.2725,0
"168",2024-06-16,29487,7,2.28416666666667,11.29875,65.5570833333333,95613.4720833333,3.08625,8.06166666666667,0,"06/2024",0,0,0,20.52,0
"169",2024-06-17,34958,1,2.0075,13.3579166666667,70.0133333333333,95533.75,2.99375,8.10666666666667,0,"06/2024",0,0,0,22.33,0
"170",2024-06-18,27227,2,1.88625,12.5725,68.0270833333333,95142.1875,3.1725,8.14333333333333,0,"06/2024",0,0,0,24.96,0
"171",2024-06-19,26971,3,4.63833333333333,14.35875,87.9241666666667,95959.51375,2.83458333333333,7.79333333333333,0.13125,"06/2024",0,0,0,19.295,0
"172",2024-06-20,39499,4,3.15583333333333,8.9525,78.6508333333333,96770.4166666667,2.4225,6.68666666666667,0,"06/2024",0,0,0,20.1875,0
"173",2024-06-21,36884,5,7.78291666666667,13.0241666666667,76.5804166666667,95417.5345833333,2.55625,7.15166666666667,0.0220833333333333,"06/2024",0,0,0,23.17,0
"174",2024-06-22,27463,6,4.04125,13.3075,73.8,95537.04875,3.985,10.9966666666667,0.0925,"06/2024",0,0,0,20.4225,0
"175",2024-06-23,28418,7,4.58083333333333,11.8975,70.3904166666667,95924.3058333333,3.04541666666667,8.48666666666667,0,"06/2024",0,0,0,22.2875,0
"176",2024-06-24,37218,1,3.20333333333333,10.0316666666667,66.4216666666667,96097.6041666667,3.415,8.99,0,"06/2024",0,0,0,22.915,0
"177",2024-06-25,21051,2,4.38166666666667,12.65125,64.9308333333333,95587.63875,3.32458333333333,9.61666666666667,0,"06/2024",0,0,0,24.585,0
"178",2024-06-26,39164,3,5.105,8.6175,64.7129166666667,94624.0970833333,4.02125,11.285,0,"06/2024",0,0,0,26.975,0
"179",2024-06-27,32112,4,10.5383333333333,23.2477777777778,80.9361111111111,94793.935,2.80388888888889,8.05555555555556,0.117222222222222,"06/2024",0,0,0,NA,0
"180",2024-06-28,24621,5,7.20266666666667,20.9006666666667,82.842,95101.4286666667,2.768,7.442,0.506,"06/2024",0,0,0,NA,0
"181",2024-06-29,23004,6,6.72291666666667,6.58083333333333,72.4108333333333,94899.9404166667,2.27458333333333,6.65875,0,"06/2024",0,0,0,27.7075,0
"182",2024-06-30,21087,7,5.54125,12.9229166666667,72.78125,94218.57625,3.78625,10.5316666666667,0.0133333333333333,"06/2024",0,0,0,24.5625,0
"183",2024-07-01,36091,1,3.48583333333333,10.4866666666667,78.3370833333333,95546.9095833333,3.18791666666667,8.96333333333333,0.0145833333333333,"07/2024",1,0,0,20.5425,0
"184",2024-07-02,23689,2,3.06333333333333,9.21708333333333,69.5920833333333,96061.1804166667,2.29583333333333,7.275,0,"07/2024",1,0,0,18.0825,0
"185",2024-07-03,27573,3,3.2575,11.0079166666667,71.5875,95740.9029166667,2.21666666666667,6.62166666666667,0.00375,"07/2024",1,0,0,16.9975,0
"186",2024-07-04,39209,4,2.84,12.7241666666667,79.2879166666667,95788.1595833333,3.44916666666667,9.50166666666667,0.0433333333333333,"07/2024",1,0,0,17.39,0
"187",2024-07-05,28142,5,12.1133333333333,10.33375,72.9195833333333,95886.1808333333,3.10458333333333,8.58333333333333,0,"07/2024",1,0,1,18.415,0
"188",2024-07-06,25349,6,4.42142857142857,25.1036363636364,75.0291666666667,94925.6595833333,3.32541666666667,8.77333333333333,0.0691666666666667,"07/2024",1,0,1,23.5775,0
"189",2024-07-07,22750,7,1.57,9.65458333333333,70.7279166666667,95806.1108333333,2.34875,6.52833333333333,0.01125,"07/2024",1,0,0,19.805,0
"190",2024-07-08,38304,1,2.12,12.46625,65.3004166666667,95698.6108333333,2.56708333333333,6.87333333333333,0,"07/2024",1,0,0,23.7675,0
"191",2024-07-09,37699,2,3.685,12.89625,66.4920833333333,95258.0208333333,2.95875,7.93,0,"07/2024",1,0,0,26.64,0
"192",2024-07-10,37083,3,8.46375,23.5925,79.8329166666667,95090.1733333333,2.27625,6.45,0.380833333333333,"07/2024",1,0,0,26.47,0
"193",2024-07-11,37984,4,6.49291666666667,12.1866666666667,82.6479166666667,95358.9233333333,2.14666666666667,6.29166666666667,0.00708333333333333,"07/2024",1,0,0,24.67,0
"194",2024-07-12,18232,5,4.31461538461538,5.97,86.9776923076923,95570.9976923077,2.28230769230769,6.11846153846154,0,"07/2024",1,0,0,NA,0
"195",2024-07-15,21617,1,4.46588235294118,13.31,62.673125,94521.97875,2.510625,6.94,0,"07/2024",1,0,0,25.16,0
"196",2024-07-16,31088,2,3.30291666666667,10.47125,74.2169565217391,95053.6595652174,3.06652173913043,8.40869565217391,0,"07/2024",1,0,0,23.36,0
"197",2024-07-17,39209,3,2.48125,8.42583333333333,63.0330434782609,95719.7256521739,2.91347826086957,8.04739130434783,0,"07/2024",1,0,0,24.4075,0
"198",2024-07-18,39036,4,2.61541666666667,12.615,66.0079166666667,96076.5279166667,2.96875,7.66833333333333,0,"07/2024",1,0,0,24.7275,0
"199",2024-07-19,41690,5,3.50625,11.92375,64.0079166666667,95595.2433333333,2.76166666666667,7.57666666666667,0,"07/2024",1,0,0,25.51,0
"200",2024-07-20,31537,6,4.75875,10.6666666666667,63.8154166666667,94821.7708333333,2.15916666666667,6.38833333333333,0,"07/2024",1,0,0,25.8325,0
"201",2024-07-21,30472,7,6.52666666666667,16.87,64.3741666666667,94235.3470833333,2.33791666666667,6.45833333333333,0,"07/2024",1,0,0,26.885,0
"202",2024-07-22,32328,1,4.29333333333333,7.72708333333333,70.1633333333333,95134.0279166667,3.24,8.9,0,"07/2024",1,0,0,23.5375,0
"203",2024-07-23,30630,2,3.55875,15.7675,69.7091304347826,95618.0073913043,2.73434782608696,7.81391304347826,0,"07/2024",1,0,0,23.5175,0
"204",2024-07-24,30887,3,2.91458333333333,11.3208333333333,70.6804166666667,95778.57625,3.29916666666667,9.90333333333333,0.0145833333333333,"07/2024",1,0,0,21.26,0
"205",2024-07-25,40266,4,2.69666666666667,12.36625,63.1920833333333,95646.0416666667,2.41166666666667,6.97833333333333,0,"07/2024",1,0,0,21.94,0
"206",2024-07-26,35665,5,5.49375,14.0675,67.6275,95486.7708333333,1.91208333333333,5.74,0,"07/2024",1,0,0,22.5425,0
"207",2024-07-27,28452,6,5.53,20.47125,78.5779166666667,95440.17375,2.46166666666667,7.06166666666667,0.0416666666666667,"07/2024",1,0,0,22.245,0
"208",2024-07-28,24616,7,4.01708333333333,10.1933333333333,75.0008333333333,96186.2154166667,4.05083333333333,11.1216666666667,0.0120833333333333,"07/2024",1,0,0,20.0375,0
"209",2024-07-29,36058,1,2.69708333333333,12.7704166666667,64.2104166666667,96706.7708333333,3.18166666666667,8.81666666666667,0,"07/2024",1,0,0,20.38,0
"210",2024-07-30,39633,2,2.65958333333333,15.0504166666667,59.4645833333333,96030.7291666667,2.55791666666667,6.82833333333333,0,"07/2024",1,0,0,23.43,0
"211",2024-07-31,31324,3,6.13666666666667,16.66125,58.035,94956.7708333333,1.97625,5.56166666666667,0,"07/2024",1,0,0,26.5825,0
"212",2024-08-01,22524,4,7.24166666666667,26.3866666666667,73.4291666666667,94665.8683333333,2.26208333333333,6.79166666666667,0.08875,"08/2024",1,0,0,24.24,0
"213",2024-08-02,28145,5,6.87333333333333,9.15083333333333,92.0691666666667,95558.9929166667,2.63125,8.05666666666667,0.0545833333333333,"08/2024",1,0,0,17.9925,0
"214",2024-08-03,21366,6,8.2525,11.4283333333333,77.2529166666667,95490.2083333333,1.94416666666667,5.645,0.00375,"08/2024",1,0,0,20.78,0
"215",2024-08-04,19732,7,5.35583333333333,20.80625,87.15875,95727.9166666667,2.61958333333333,7.35666666666667,0.237083333333333,"08/2024",1,0,0,20.105,0
"216",2024-08-05,39365,1,4.03916666666667,10.0908333333333,71.7775,95986.8058333333,2.49791666666667,7.27833333333333,0.005,"08/2024",1,0,0,19.1825,0
"217",2024-08-06,33238,2,3.28208333333333,12.6795833333333,65.7520833333333,95716.8054166667,2.3425,6.295,0,"08/2024",1,0,0,22.115,0
"218",2024-08-07,36994,3,6.47041666666667,18.2704166666667,68.4091666666667,95092.465,2.25875,6.4,0,"08/2024",1,0,0,24.5925,0
"219",2024-08-08,40532,4,7.08916666666667,12.0295833333333,83.4083333333333,95706.5975,2.36833333333333,6.55166666666667,0.13875,"08/2024",1,0,0,21.025,0
"220",2024-08-09,41891,5,4.56958333333333,8.0625,72.88625,95759.82625,2.62416666666667,7.43666666666667,0,"08/2024",1,0,0,23.525,0
"221",2024-08-10,32477,6,2.94416666666667,14.3733333333333,67.4058333333333,95584.8266666667,2.87041666666667,7.96166666666667,0,"08/2024",1,0,0,24.1525,0
"222",2024-08-11,28990,7,4.045,11.0304166666667,66.9758333333333,95832.0141666667,3.035,7.985,0,"08/2024",1,0,0,24.0875,0
"223",2024-08-12,35188,1,4.42791666666667,13.4133333333333,68.21125,95315.76375,2.24666666666667,6.065,0,"08/2024",1,0,0,25.1925,0
"224",2024-08-13,38025,2,5.9975,14.9391666666667,67.5408333333333,94597.8470833333,2.24875,6.39,0,"08/2024",1,0,0,26.3475,0
"225",2024-08-14,40121,3,5.91875,13.1958333333333,60.2458333333333,94411.0066666667,2.32875,6.765,0,"08/2024",1,0,0,26.6225,0
"226",2024-08-15,31089,4,5.7125,16.8433333333333,76.1920833333333,95047.9166666667,2.23125,6.33333333333333,0.21875,"08/2024",1,0,0,25.5275,0
"227",2024-08-16,22273,5,4.98208333333333,13.4816666666667,71.13625,95007.1875,2.4125,6.17166666666667,0,"08/2024",1,0,0,25.93,0
"228",2024-08-17,30763,6,3.93416666666667,11.7129166666667,70.4045833333333,94824.5483333333,2.34166666666667,6.27166666666667,0,"08/2024",1,0,0,25.9875,0
"229",2024-08-18,26797,7,6.21,18.6729166666667,87.5779166666667,94953.9583333333,1.59125,5.16333333333333,0.120833333333333,"08/2024",1,0,0,22.725,0
"230",2024-08-19,39909,1,3.115,8.19791666666667,76.4383333333333,95901.07625,4.24416666666667,12.4666666666667,0.0329166666666667,"08/2024",1,0,0,19.0625,0
"231",2024-08-20,40180,2,4.95666666666667,10.5991666666667,76.3166666666667,95608.8195833333,1.98291666666667,5.435,0,"08/2024",1,0,0,22.305,0
"232",2024-08-21,21680,3,4.89333333333333,13.63,71.69125,95601.4583333333,3.56625,9.91833333333333,0.0254166666666667,"08/2024",1,0,0,19.205,0
"233",2024-08-22,40600,4,4.01833333333333,15.9979166666667,69.5070833333333,96160.9025,2.56333333333333,6.58333333333333,0,"08/2024",1,0,0,18.575,0
"234",2024-08-23,37838,5,8.27541666666667,15.8741666666667,69.8891666666667,95592.04875,2.56375,6.98333333333333,0,"08/2024",1,0,0,21.515,0
"235",2024-08-24,21039,6,8.90041666666667,17.22875,63.6333333333333,95113.3333333333,2.50083333333333,6.77833333333333,0,"08/2024",1,0,0,24.8,0
"236",2024-08-25,21262,7,6.82333333333333,14.9866666666667,79.0429166666667,96282.98625,2.73041666666667,7.42833333333333,0,"08/2024",1,0,0,18.5675,0
"237",2024-08-26,36450,1,3.69041666666667,11.1525,68.8504166666667,96639.3054166667,2.45208333333333,6.85666666666667,0,"08/2024",1,0,0,19.1575,0
"238",2024-08-27,40009,2,4.9575,13.2854166666667,68.7841666666667,96472.7775,2.89041666666667,7.745,0,"08/2024",1,0,0,20.95,0
"239",2024-08-28,40983,3,9.27333333333333,16.9283333333333,73.20875,95815.9029166667,2.18791666666667,6.195,0,"08/2024",1,0,0,24.05,0
"240",2024-08-29,36122,4,11.2341666666667,20.24125,68.1133333333333,95121.70125,2.01666666666667,5.46333333333333,0,"08/2024",1,0,0,25.98,0
"241",2024-08-30,42583,5,10.79375,14.2016666666667,69.2204166666667,95337.3266666667,2.52791666666667,6.82333333333333,0,"08/2024",1,0,0,25.555,0
"242",2024-08-31,33066,6,7.39875,9.75583333333333,73.2279166666667,96011.5275,4.96666666666667,13.415,0,"08/2024",1,0,0,22.3875,0
"243",2024-09-01,26433,7,8.95166666666667,9.45166666666667,74.4216666666667,95791.25,2.58458333333333,7.26333333333333,0,"09/2024",0,0,0,23.575,0
"244",2024-09-02,36753,1,13.4754166666667,13.81375,75.1291666666667,95408.4725,2.17125,5.99166666666667,0,"09/2024",0,0,0,23.4575,0
"245",2024-09-03,39627,2,13.87875,16.73375,72.7145833333333,95220.4166666667,2.14916666666667,5.96666666666667,0,"09/2024",0,0,0,24.955,0
"246",2024-09-04,31610,3,11.62875,10.2204166666667,61.575,94923.5766666667,2.93666666666667,8.45,0,"09/2024",0,0,0,26.995,0
"247",2024-09-05,40817,4,11.65875,6.62375,46.00125,94429.4441666667,4.62333333333333,13.8383333333333,0,"09/2024",0,0,0,27.8425,0
"248",2024-09-06,43042,5,11.16,15.9266666666667,46.2358333333333,94935.2083333333,3.16708333333333,9.04,0,"09/2024",0,0,0,23.64,0
"249",2024-09-07,31455,6,10.1833333333333,14.93625,61.8216666666667,95259.0975,2.91583333333333,8.37333333333333,0,"09/2024",0,0,0,22.9975,0
"250",2024-09-08,26248,7,6.70708333333333,11.8708333333333,62.3058333333333,94611.3191666667,2.17375,6.345,0,"09/2024",0,0,0,24.455,0
"251",2024-09-09,39351,1,3.31375,17.81625,81.08125,94901.8404166667,2.53,7.73333333333333,0.165416666666667,"09/2024",0,0,0,18.975,0
"252",2024-09-10,34820,2,2.14958333333333,10.8670833333333,77.5825,95863.5070833333,2.895,7.885,0,"09/2024",0,0,0,16.18,0
"253",2024-09-11,22008,3,3.15625,12.94375,84.6325,96165.5554166667,2.7125,7.82166666666667,0.0266666666666667,"09/2024",0,0,0,14.205,0
"254",2024-09-12,35193,4,3.82958333333333,11.00375,82.0583333333333,96890.9029166667,1.58583333333333,4.605,0.0420833333333333,"09/2024",0,0,0,11.96,0
"255",2024-09-13,31631,5,2.94916666666667,12.22,87.57375,97625.6945833333,4.40625,13.58,0.05125,"09/2024",0,0,0,10.73,0
"256",2024-09-14,20121,6,2.33416666666667,10.4325,75.995,97506.7708333333,8.09,25.6683333333333,0.105833333333333,"09/2024",0,0,0,13.4475,0
"257",2024-09-15,21566,7,1.58333333333333,14.9183333333333,78.27375,97713.9233333333,6.53458333333333,20.6116666666667,0.0916666666666667,"09/2024",0,0,0,12.3925,0
"258",2024-09-16,22214,1,3.05708333333333,16.45,85.9029166666667,96904.0625,3.94375,11.8666666666667,0.209166666666667,"09/2024",0,0,0,16.4825,0
"259",2024-09-17,37741,2,17.26,11.9958333333333,77.4370833333333,96807.2220833333,4.83791666666667,13.0316666666667,0,"09/2024",0,0,0,17.9775,0
"260",2024-09-18,32034,3,18.6670833333333,15.9529166666667,73.78375,97235.9025,3.0775,8.41,0,"09/2024",0,0,0,19.02,0
"261",2024-09-19,40325,4,14.6766666666667,16.3245833333333,72.265,97176.7358333333,2.94625,8.87166666666667,0,"09/2024",0,0,0,17.8875,0
"262",2024-09-20,41535,5,10.5429166666667,14.5325,74.4366666666667,97303.7845833333,2.22208333333333,6.6,0,"09/2024",0,0,0,15.9425,0
"263",2024-09-21,33475,6,10.8295833333333,23.1275,70.7483333333333,97224.3404166667,2.10833333333333,6.435,0,"09/2024",0,0,0,15.6575,0
"264",2024-09-22,29269,7,8.095,18.4454166666667,75.1283333333333,96838.75,2.01375,5.36833333333333,0,"09/2024",0,0,0,15.0375,0
"265",2024-09-23,39908,1,10.7404166666667,19.24875,78.595,96047.7083333333,1.80541666666667,5.105,0,"09/2024",0,0,0,16.995,0
"266",2024-09-24,38717,2,11.1329166666667,14.9625,89.5566666666667,96103.09,2.08875,6.4,0.102083333333333,"09/2024",0,0,0,14.9925,0
"267",2024-09-25,39043,3,4.95708333333333,9.82625,77.1270833333333,95855.625,3.115,8.55833333333333,0,"09/2024",0,0,0,16.79,0
"268",2024-09-26,39095,4,7.53,15.3591666666667,95.1979166666667,95486.95125,2.06875,6.30583333333333,0.1075,"09/2024",0,0,0,15.6925,0
"269",2024-09-27,41532,5,2.37708333333333,7.31125,71.0570833333333,95224.27125,5.06291666666667,13.3816666666667,0.00375,"09/2024",0,0,0,16.9675,0
"270",2024-09-28,27574,6,2.72583333333333,10.5433333333333,71.6458333333333,96936.3541666667,3.56708333333333,10.4933333333333,0,"09/2024",0,0,1,12.845,0
"271",2024-09-29,28503,7,5.34041666666667,16.1720833333333,76.0720833333333,98806.5275,1.88583333333333,5.58166666666667,0,"09/2024",0,0,0,8.6775,0
"272",2024-09-30,40110,1,7.59958333333333,14.4770833333333,78.7658333333333,98196.2158333333,2.62,7.32333333333333,0,"09/2024",0,0,0,10.41,0
"273",2024-10-01,37174,2,11.035,20.9783333333333,91.3091666666667,97085.7641666667,0.91875,3.28166666666667,0.0195833333333333,"10/2024",0,1,0,11.705,0
"274",2024-10-02,38953,3,7.30708333333333,14.42625,93.98625,96686.0070833333,1.265,4.51166666666667,0.0720833333333333,"10/2024",0,1,0,11.835,0
"275",2024-10-03,34793,4,3.34541666666667,11.1933333333333,86.6045833333333,97201.25,1.48041666666667,5.345,0.0075,"10/2024",0,1,0,10.9025,0
"276",2024-10-04,41632,5,3.97583333333333,11.19875,91.1358333333333,97520.6941666667,1.785,6.38666666666667,0.01625,"10/2024",0,1,0,11.15,0
"277",2024-10-05,31668,6,6.5725,9.41458333333333,89.1845833333333,97700.5208333333,2.17083333333333,6.69,0.0475,"10/2024",0,1,0,10.305,0
"278",2024-10-06,27106,7,12.1641666666667,13.9295833333333,88.1441666666667,97530.6945833333,1.26958333333333,3.94666666666667,0,"10/2024",0,1,0,9.72,0
"279",2024-10-07,38390,1,22.4454166666667,19.9966666666667,95.33,97202.1179166667,1.02125,3.64333333333333,0.00708333333333333,"10/2024",0,1,0,9.97,0
"280",2024-10-08,39128,2,17.7833333333333,11.8354166666667,93.5991666666667,96079.5833333333,1.14625,4.09333333333333,0.0195833333333333,"10/2024",0,1,0,13.51,0
"281",2024-10-09,40254,3,6.62833333333333,9.82791666666667,82.5733333333333,95055.9375,2.54458333333333,6.88833333333333,0.0295833333333333,"10/2024",0,1,0,17.1725,0
"282",2024-10-10,40188,4,6.76958333333333,14.05625,86.7616666666667,95083.8195833333,2.22833333333333,7.09333333333333,0.00375,"10/2024",0,1,0,14.7,0
"283",2024-10-11,25857,5,8.07916666666667,13.75,89.81875,97637.1525,1.53,4.82666666666667,0.0445833333333333,"10/2024",0,1,0,7.8625,0
"284",2024-10-12,33433,6,13.5075,14.675,94.34625,98681.45875,1.62416666666667,4.84,0.00375,"10/2024",0,1,0,6.5075,0
"285",2024-10-13,27749,7,10.8725,11.96,77.6075,97301.8754166667,3.61791666666667,11.5533333333333,0.0291666666666667,"10/2024",0,1,0,10.8725,0
"286",2024-10-14,39852,1,4.29125,15.5833333333333,75.605,97781.4929166667,2.18583333333333,6.325,0.0145833333333333,"10/2024",0,1,0,10.65,0
"287",2024-10-15,39445,2,5.85166666666667,14.1783333333333,83.84375,98642.5345833333,1.53333333333333,4.42333333333333,0.00375,"10/2024",0,1,0,6.5625,0
"288",2024-10-16,41067,3,11.2641666666667,11.8470833333333,80.0816666666667,98686.9791666667,3.085,9.23333333333333,0.00375,"10/2024",0,1,0,10.0325,0
"289",2024-10-17,28604,4,10.2741666666667,14.10625,80.10875,97897.1529166667,2.38666666666667,7.16666666666667,0,"10/2024",0,1,0,10.6825,0
"290",2024-10-18,42249,5,21.1008333333333,15.6979166666667,89.2866666666667,97652.1179166667,1.345,4.52,0,"10/2024",0,1,0,10.4575,0
"291",2024-10-19,33908,6,20.3854166666667,16.0933333333333,90.2308333333333,97917.8816666667,0.710416666666667,2.77833333333333,0,"10/2024",0,1,0,12.005,0
"292",2024-10-20,27286,7,19.54125,13.3691666666667,86.7120833333333,98439.2358333333,1.23833333333333,3.95,0,"10/2024",0,1,0,10.2375,0
"293",2024-10-21,39664,1,28.9216666666667,17.68125,91.4741666666667,98564.4441666667,0.805833333333333,3.055,0,"10/2024",0,1,0,11.32,0
"294",2024-10-22,39343,2,33.3885714285714,12.6133333333333,95.924375,98822.70875,1.15875,4.1925,0,"10/2024",0,1,0,NA,0
"295",2024-10-23,39966,3,11.2825,13.8020833333333,88.9820833333333,99766.8054166667,1.49666666666667,4.57666666666667,0.00375,"10/2024",0,1,0,7.9075,0
"296",2024-10-24,39608,4,22.8183333333333,18.5120833333333,88.485,99117.8816666667,1.07375,4.085,0,"10/2024",0,1,0,9.1675,0
"297",2024-10-25,41328,5,31.03125,12.2204166666667,89.4266666666667,98475.0345833333,1.20166666666667,3.69166666666667,0,"10/2024",0,1,0,11.245,0
"298",2024-10-26,31056,6,26.092,11.6495,88.076,97766.3335,0.7725,2.962,0,"10/2024",0,1,0,12.8225,0
"299",2024-10-27,27656,7,14.452,9.2056,85.7,97539.2332,1.6116,4.7392,0,"10/2024",0,1,0,14.49,0
"300",2024-10-28,24843,1,12.645,9.56916666666667,86.49125,97816.0070833333,2.01791666666667,5.73666666666667,0,"10/2024",0,1,1,14.8725,1
"301",2024-10-29,39321,2,26.9429166666667,13.2095833333333,95.005,98186.5275,1.00333333333333,3.70333333333333,0.0075,"10/2024",0,1,0,12.385,0
"302",2024-10-30,40571,3,17.18625,10.2191666666667,90.9,98090.9025,0.8075,3.20333333333333,0.00375,"10/2024",0,1,0,13.6075,0
"303",2024-10-31,41139,4,12.54875,11.7345833333333,89.5266666666667,98527.7779166667,1.05041666666667,3.67333333333333,0,"10/2024",0,1,0,10.125,0
"304",2024-11-01,42468,5,22.2845833333333,13.81625,92.6695833333333,98735.3191666667,1.41375,4.59083333333333,0.00375,"11/2024",0,1,0,10.205,0
"305",2024-11-02,32475,6,6.31083333333333,11.1758333333333,84.1475,99162.5345833333,2.4625,7.95,0.00708333333333333,"11/2024",0,1,0,6.215,0
"306",2024-11-03,26619,7,21.4579166666667,14.6058333333333,91.5820833333333,100411.5625,0.967916666666667,3.52666666666667,0.00375,"11/2024",0,1,0,3.1125,0
"307",2024-11-04,39672,1,22.56,13.0079166666667,91.2845833333333,99941.6666666667,1.37041666666667,4.06,0,"11/2024",0,1,0,6.0225,0
"308",2024-11-05,36275,2,23.9525,13.5375,90.3004166666667,99388.7495833333,1.45291666666667,4.34,0,"11/2024",0,1,0,6.9375,0
"309",2024-11-06,40365,3,35.7358333333333,11.9295833333333,89.2504166666667,99619.0970833333,1.65583333333333,4.65333333333333,0,"11/2024",0,1,0,6.335,0
"310",2024-11-07,35976,4,34.3870833333333,16.9854166666667,88.1154166666667,99853.8891666667,1.56166666666667,4.80666666666667,0,"11/2024",0,1,0,6.7375,0
"311",2024-11-08,41967,5,57.0170833333333,16.7254166666667,91.8041666666667,99858.61125,1.93208333333333,5.735,0,"11/2024",0,1,0,3.8975,0
"312",2024-11-09,31719,6,47.9870833333333,17.67875,88.6183333333333,100189.86125,1.05125,3.31833333333333,0,"11/2024",0,1,0,2.025,0
"313",2024-11-10,25375,7,62.2695833333333,21.6641666666667,99.415,100641.805416667,0.68375,2.13833333333333,0,"11/2024",0,1,0,-0.2275,0
"314",2024-11-11,39867,1,30.0433333333333,14.6104166666667,99.5995833333333,100251.770833333,1.07541666666667,3.58833333333333,0.01125,"11/2024",0,1,0,2.275,0
"315",2024-11-12,40326,2,24.3058333333333,17.3066666666667,96.4004166666667,100339.20125,1.86916666666667,5.49666666666667,0,"11/2024",0,1,0,2.4,0
"316",2024-11-13,40463,3,17.0833333333333,12.26625,97.8383333333333,99911.11125,0.984166666666667,3.30833333333333,0.0341666666666667,"11/2024",0,1,0,4.255,0
"317",2024-11-14,40663,4,12.6779166666667,11.7525,94.9804166666667,99304.0970833333,1.59041666666667,5.14833333333333,0,"11/2024",0,1,0,6.305,0
"318",2024-11-15,43083,5,11.5641666666667,18.6279166666667,84.8754166666667,99155.7291666667,1.4875,5.04,0,"11/2024",0,1,0,4.8275,0
"319",2024-11-16,32584,6,27.7579166666667,15.1420833333333,91.42125,99082.3266666667,1.15375,4.21666666666667,0,"11/2024",0,1,0,3.955,0
"320",2024-11-17,26053,7,10.3825,9.15,85.0141666666667,97896.5970833333,3.74375,9.95,0,"11/2024",0,1,1,5.5,0
"321",2024-11-18,39369,1,5.0025,12.3779166666667,85.10875,98074.7220833333,2.70083333333333,8.64,0.0645833333333333,"11/2024",0,1,0,2.94,0
"322",2024-11-19,39609,2,11.8020833333333,17.7620833333333,91.3925,96693.88875,3.48333333333333,9.99166666666667,0.0695833333333333,"11/2024",0,1,0,8.445,0
"323",2024-11-20,39448,3,2.28625,11.57875,75.4325,96750.4166666667,4.52333333333333,13.3266666666667,0.00375,"11/2024",0,1,0,3.5125,0
"324",2024-11-21,40433,4,5.61125,13.5833333333333,82.05375,97354.3754166667,2.89208333333333,8.93833333333333,0.0075,"11/2024",0,1,0,0.735,0
"325",2024-11-22,41575,5,6.63958333333333,13.505,82.9983333333333,97752.1179166667,3.15375,8.83166666666667,0,"11/2024",0,1,0,1.805,0
"326",2024-11-23,29972,6,6.06083333333333,12.12,72.8825,99183.9583333333,3.96708333333333,10.9683333333333,0.0075,"11/2024",0,1,0,3.2,0
"327",2024-11-24,25861,7,21.07125,24.9641666666667,94.87875,99104.58375,0.845416666666667,3.4,0.0458333333333333,"11/2024",0,1,0,3.84,0
"328",2024-11-25,39801,1,37.72125,14.6091666666667,97.6333333333333,99185.41625,0.975,3.46,0.00375,"11/2024",0,1,0,1.3025,0
"329",2024-11-26,37882,2,44.7816666666667,19.0354166666667,97.55,99023.8195833333,1.19083333333333,3.93,0.03625,"11/2024",0,1,0,4.2575,0
"330",2024-11-27,39632,3,29.1008333333333,18.4358333333333,99.5991666666667,99282.36125,1.51583333333333,4.345,0.00375,"11/2024",0,1,0,3.5975,0
"331",2024-11-28,40532,4,10.1520833333333,12.9879166666667,83.5429166666667,98369.0279166667,4.48166666666667,14.215,0.0254166666666667,"11/2024",0,1,0,6.6875,0
"332",2024-11-29,41590,5,3.67916666666667,13.3533333333333,81.94375,99967.6391666667,2.77625,9.02666666666667,0,"11/2024",0,1,0,4.53,0
"333",2024-11-30,29868,6,23.75875,19.1370833333333,95.29375,101364.7225,0.8825,3.09333333333333,0.00375,"11/2024",0,1,0,-0.985,0
"334",2024-12-01,22907,7,33.775,12.7483333333333,96.8225,100602.708333333,1.37625,4.60333333333333,0,"12/2024",0,1,0,-0.12,0
"335",2024-12-02,39072,1,22.2979166666667,18.3570833333333,94.0125,99782.5345833333,0.9925,3.61,0.0329166666666667,"12/2024",0,1,0,0.4225,0
"336",2024-12-03,39158,2,43.7029166666667,18.0308333333333,98.7220833333333,99060,0.587083333333333,2.66333333333333,0.04,"12/2024",0,1,0,2.6775,0
"337",2024-12-04,40479,3,9.17708333333333,12.6658333333333,92.59,99593.16,1.59666666666667,4.795,0,"12/2024",0,1,0,3.3325,0
"338",2024-12-05,39953,4,9.94083333333333,10.7979166666667,81.2583333333333,99554.1320833333,3.44625,8.39833333333333,0,"12/2024",0,1,0,3.2575,0
"339",2024-12-06,31252,5,12.6083333333333,27.03625,94.4145833333333,98077.2916666667,1.94041666666667,5.49666666666667,0.169583333333333,"12/2024",0,1,0,2.7125,0
"340",2024-12-07,29545,6,11.2875,15.0958333333333,91.38,97743.7845833333,1.93166666666667,5.96666666666667,0.0545833333333333,"12/2024",0,1,0,4.3975,0
"341",2024-12-08,24284,7,15.29,13.8445833333333,98.3429166666667,98041.70125,1.11208333333333,3.90833333333333,0.0220833333333333,"12/2024",0,1,0,3.7675,0
"342",2024-12-09,40843,1,10.50625,9.80166666666667,90.4541666666667,99103.57625,5.00416666666667,13.8583333333333,0.0220833333333333,"12/2024",0,1,0,3.355,0
"343",2024-12-10,39743,2,4.06125,9.98416666666667,93.1233333333333,99948.4720833333,6.24,15.245,0.0395833333333333,"12/2024",0,1,0,1.845,0
"344",2024-12-11,40576,3,11.5475,15.25125,91.3470833333333,100329.479166667,1.2325,4.09666666666667,0,"12/2024",0,1,0,1.015,0
"345",2024-12-12,41203,4,17.3891666666667,16.2129166666667,91.4033333333333,100817.01375,0.850416666666667,3.25,0,"12/2024",0,1,0,0.385,0
"346",2024-12-13,42245,5,20.3754166666667,13.9883333333333,87.5441666666667,100709.340833333,2.86458333333333,7.65166666666667,0,"12/2024",0,1,0,0.4175,0
"347",2024-12-14,31606,6,16.0666666666667,12.6345833333333,84.58,99274.0625,2.08416666666667,7.08,0,"12/2024",0,1,0,2.1925,0
"348",2024-12-15,26872,7,3.47791666666667,13.0408333333333,82.9308333333333,99184.7916666667,4.07041666666667,11.845,0.00708333333333333,"12/2024",0,1,0,5.1925,0
"349",2024-12-16,40682,1,1.95708333333333,9.26166666666667,83.2566666666667,98838.16,4.66291666666667,13.575,0.00708333333333333,"12/2024",0,1,0,9.6425,0
"350",2024-12-17,40600,2,4.1425,12.1058333333333,76.0470833333333,98773.5416666667,3.6125,11.7033333333333,0,"12/2024",0,1,0,9.24,0
"351",2024-12-18,40548,3,10.2304166666667,16.8416666666667,85.2654166666667,98581.4233333333,1.97916666666667,6.20666666666667,0,"12/2024",0,1,0,7.8325,0
"352",2024-12-19,40564,4,9.33791666666667,17.31875,85.2041666666667,96734.4445833333,2.88375,8.99666666666667,0.0133333333333333,"12/2024",0,1,0,9.5425,0
"353",2024-12-20,40510,5,5.33166666666667,13.3829166666667,75.46,98277.5345833333,4.855,14.735,0.00375,"12/2024",0,1,0,5.2275,0
"354",2024-12-21,29246,6,5.42041666666667,12.7345833333333,83.95,98848.16,3.65375,10.3283333333333,0,"12/2024",0,1,0,4.205,0
"355",2024-12-22,25065,7,2.60166666666667,11.6595833333333,83.5266666666667,96764.1320833333,4.61541666666667,12.6216666666667,0,"12/2024",0,1,0,5.68,0
"356",2024-12-23,29923,1,4.82041666666667,16.6066666666667,79.3566666666667,97870.8333333333,2.21083333333333,6.87166666666667,0.0258333333333333,"12/2024",0,1,0,3.7175,0
"357",2024-12-24,14732,2,6.60958333333333,14.4895833333333,82.2920833333333,99624.41,2.89416666666667,8.80666666666667,0.005,"12/2024",0,1,1,2.5825,1
"358",2024-12-25,17616,3,18.5770833333333,19.3379166666667,91.2425,101438.992916667,0.945,3.23333333333333,0,"12/2024",0,1,1,-0.315,1
"359",2024-12-26,19446,4,30.1666666666667,21.9783333333333,99.7116666666667,101961.527916667,0.71,2.79,0,"12/2024",0,1,1,-2.3425,1
"360",2024-12-27,28566,5,24.245,26.2404166666667,99.3429166666667,101819.791666667,0.387083333333333,0.846666666666667,0,"12/2024",0,1,0,-3.3725,1
"361",2024-12-28,23220,6,30.0708333333333,25.3075,98.7966666666667,101441.979166667,0.53625,1.89833333333333,0,"12/2024",0,1,0,-3.89,1
"362",2024-12-29,21717,7,32.7108333333333,25.4508333333333,98.5383333333333,101155.069583333,1.145,3.92666666666667,0,"12/2024",0,1,0,-3.3225,1
"363",2024-12-30,28489,1,37.9,21.5779166666667,96.3020833333333,100868.29875,1.29916666666667,4.11,0,"12/2024",0,1,0,-1.605,1
"364",2024-12-31,19129,2,19.5525,18.3958333333333,97.8929166666667,100794.7225,1.5675,4.66,0,"12/2024",0,1,0,-1.5675,1
"365",2025-01-01,13344,3,24.88375,12.7858333333333,82.3108333333333,99387.7429166667,5,12.7816666666667,0,"01/2025",0,1,0,3.34,1
"366",2025-01-02,28475,4,5.59166666666667,17.8279166666667,75.9429166666667,97950.3470833333,3.59458333333333,10.2666666666667,0.00375,"01/2025",0,1,0,2.8925,0
"367",2025-01-03,30054,5,3.0975,13.6058333333333,75.5879166666667,98706.9441666667,4.175,12.65,0,"01/2025",0,1,0,2.0025,0
"368",2025-01-04,22566,6,7.15083333333333,15.9441666666667,77.1433333333333,99567.36125,3.13833333333333,9.235,0,"01/2025",0,1,0,-0.5825,0
"369",2025-01-05,15378,7,20.745,26.0408333333333,96.4545833333333,98964.4791666667,0.775,3.01666666666667,0.005,"01/2025",0,1,0,-1.6425,0
"370",2025-01-06,33500,1,52.2675,29.0633333333333,99.4404166666667,97546.2845833333,0.159166666666667,0.85,0.0420833333333333,"01/2025",0,1,0,0.9025,0
"371",2025-01-07,34809,2,22.8716666666667,19.74375,92.4316666666667,97697.1529166667,2.595,7.55666666666667,0.0991666666666667,"01/2025",0,1,0,2.7175,0
"372",2025-01-08,35247,3,4.37625,13.8733333333333,87.485,97843.785,2.45791666666667,7.07,0.0075,"01/2025",0,1,0,3.4775,0
"373",2025-01-09,36263,4,19.235,28.7141666666667,94.8320833333333,97277.2225,2.08416666666667,6.98666666666667,0.100833333333333,"01/2025",0,1,0,3.075,0
"374",2025-01-10,38140,5,2.85208333333333,13.4116666666667,75.0925,98631.1458333333,4.625,15.0483333333333,0.00375,"01/2025",0,1,0,2.44,0
"375",2025-01-11,25626,6,2.79333333333333,15.5779166666667,74.9358333333333,99301.84,6.28541666666667,18.0733333333333,0,"01/2025",0,1,0,1.025,0
"376",2025-01-12,20667,7,3.465,16.46125,76.8520833333333,100729.027916667,4.21583333333333,12.73,0,"01/2025",0,1,0,0.435,0
"377",2025-01-13,38048,1,8.07583333333333,19.94,76.8083333333333,101844.6875,2.12,6.21833333333333,0,"01/2025",0,1,0,-1.165,0
"378",2025-01-14,37642,2,23.6945833333333,32.9408333333333,86.1508333333333,101508.88875,0.964166666666667,3.68,0,"01/2025",0,1,0,-1.1875,0
"379",2025-01-15,37960,3,7.56958333333333,20.4470833333333,87.9620833333333,100071.5625,1.52541666666667,5.23833333333333,0,"01/2025",0,1,0,2.2875,0