"","datum","mesic","sezona","pm_real","fit_hodnota","predikce","predikce_lower","predikce_upper"
"1",2024-01-01,1,"zima",26.0521739130435,14.9045609764487,NA,NA,NA
"2",2024-01-02,1,"zima",13.7466666666667,19.161942875389,NA,NA,NA
"3",2024-01-03,1,"zima",4.4375,12.0248720545665,NA,NA,NA
"4",2024-01-04,1,"zima",2.02333333333333,6.56756813261993,NA,NA,NA
"5",2024-01-05,1,"zima",24.2179166666667,4.71183990822378,NA,NA,NA
"6",2024-01-06,1,"zima",38.5929166666667,27.227736294104,NA,NA,NA
"7",2024-01-07,1,"zima",8.90333333333333,21.38133692604,NA,NA,NA
"8",2024-01-08,1,"zima",11.04125,8.70343517879413,NA,NA,NA
"9",2024-01-09,1,"zima",32.9816666666667,13.3204383555979,NA,NA,NA
"10",2024-01-10,1,"zima",45.1479166666667,24.115084569625,NA,NA,NA
"11",2024-01-11,1,"zima",43.91625,24.6541794414901,NA,NA,NA
"12",2024-01-12,1,"zima",12.6054166666667,24.0374415208745,NA,NA,NA
"13",2024-01-13,1,"zima",5.76416666666667,10.5698289656476,NA,NA,NA
"14",2024-01-14,1,"zima",9.77166666666667,8.13539995048059,NA,NA,NA
"15",2024-01-15,1,"zima",8.48416666666667,12.5450987997946,NA,NA,NA
"16",2024-01-16,1,"zima",6.03916666666667,9.96697597116546,NA,NA,NA
"17",2024-01-17,1,"zima",28.49625,8.54769487014554,NA,NA,NA
"18",2024-01-18,1,"zima",19.6329166666667,25.157133995281,NA,NA,NA
"19",2024-01-19,1,"zima",13.00625,13.987718851617,NA,NA,NA
"20",2024-01-20,1,"zima",11.19125,12.7944537876246,NA,NA,NA
"21",2024-01-21,1,"zima",41.8845833333333,11.9072644065348,NA,NA,NA
"22",2024-01-22,1,"zima",74.4408333333333,29.2804102549846,NA,NA,NA
"23",2024-01-23,1,"zima",10.3475,32.3396802785812,NA,NA,NA
"24",2024-01-24,1,"zima",5.05208333333333,8.44481306156501,NA,NA,NA
"25",2024-01-25,1,"zima",7.57666666666667,7.99761546931435,NA,NA,NA
"26",2024-01-26,1,"zima",17.5454166666667,10.6504991246312,NA,NA,NA
"27",2024-01-27,1,"zima",7.40833333333333,17.007672231768,NA,NA,NA
"28",2024-01-28,1,"zima",19.22,8.27704045961103,NA,NA,NA
"29",2024-01-29,1,"zima",40.0970833333333,19.5604152133641,NA,NA,NA
"30",2024-01-30,1,"zima",28.8754166666667,24.334558502037,NA,NA,NA
"31",2024-01-31,1,"zima",68.1129166666667,18.2659042048234,NA,NA,NA
"32",2024-02-01,2,"zima",16.9795833333333,35.3602806705598,NA,NA,NA
"33",2024-02-02,2,"zima",8.53958333333333,11.4118834140743,NA,NA,NA
"34",2024-02-03,2,"zima",5.56833333333333,10.3125952061138,NA,NA,NA
"35",2024-02-04,2,"zima",2.11416666666667,8.01245188009484,NA,NA,NA
"36",2024-02-05,2,"zima",5.33541666666667,4.55703423443508,NA,NA,NA
"37",2024-02-06,2,"zima",6.25125,10.0676805208037,NA,NA,NA
"38",2024-02-07,2,"zima",4.47666666666667,8.71845138635867,NA,NA,NA
"39",2024-02-08,2,"zima",9.81708333333333,7.30639171506138,NA,NA,NA
"40",2024-02-09,2,"zima",37.1829166666667,13.01623636658,NA,NA,NA
"41",2024-02-10,2,"zima",33.7683333333333,26.3057696147551,NA,NA,NA
"42",2024-02-11,2,"zima",16.15125,19.7783596612301,NA,NA,NA
"43",2024-02-12,2,"zima",7.81416666666667,13.2507614213091,NA,NA,NA
"44",2024-02-13,2,"zima",10.0341666666667,9.27570636402616,NA,NA,NA
"45",2024-02-14,2,"zima",15.71375,12.252298713823,NA,NA,NA
"46",2024-02-15,2,"zima",28.66,15.1248697819825,NA,NA,NA
"47",2024-02-16,2,"zima",35.0995833333333,21.1059186136617,NA,NA,NA
"48",2024-02-17,2,"zima",21.2333333333333,21.7479451454322,NA,NA,NA
"49",2024-02-18,2,"zima",14.1633333333333,15.4257947934079,NA,NA,NA
"50",2024-02-19,2,"zima",3.45125,13.1299146312277,NA,NA,NA
"51",2024-02-20,2,"zima",6.07416666666667,5.40397928619004,NA,NA,NA
"52",2024-02-21,2,"zima",8.72333333333333,10.4013215940411,NA,NA,NA
"53",2024-02-22,2,"zima",3.875,10.7689116323367,NA,NA,NA
"54",2024-02-23,2,"zima",4.5,6.21161841019795,NA,NA,NA
"55",2024-02-24,2,"zima",10.8458333333333,8.15619550695748,NA,NA,NA
"56",2024-02-25,2,"zima",17.9258333333333,13.4347579674439,NA,NA,NA
"57",2024-02-26,2,"zima",32.0945833333333,16.0372723659619,NA,NA,NA
"58",2024-02-27,2,"zima",26.6391666666667,22.3397361944592,NA,NA,NA
"59",2024-02-28,2,"zima",12.0266666666667,17.7848692239214,NA,NA,NA
"60",2024-02-29,2,"zima",50.6468181818182,11.2624013906969,NA,NA,NA
"61",2024-03-01,3,"prechod",64.0645454545455,31.9307618594953,NA,NA,NA
"62",2024-03-02,3,"prechod",45.0434782608696,27.3697676497361,NA,NA,NA
"63",2024-03-03,3,"prechod",21.0483333333333,22.6918317134802,NA,NA,NA
"64",2024-03-04,3,"prechod",28.6439130434783,14.4909100210499,NA,NA,NA
"65",2024-03-05,3,"prechod",36.3483333333333,20.4414506983542,NA,NA,NA
"66",2024-03-06,3,"prechod",32.5329166666667,21.4563642795443,NA,NA,NA
"67",2024-03-07,3,"prechod",19.3191666666667,19.5971720358624,NA,NA,NA
"68",2024-03-08,3,"prechod",24.6604166666667,14.2365927374631,NA,NA,NA
"69",2024-03-09,3,"prechod",19.4783333333333,18.4829041442029,NA,NA,NA
"70",2024-03-10,3,"prechod",18.6675,14.531980335028,NA,NA,NA
"71",2024-03-11,3,"prechod",10.5108333333333,15.2115698540446,NA,NA,NA
"72",2024-03-12,3,"prechod",8.82666666666667,10.2196688716686,NA,NA,NA
"73",2024-03-13,3,"prechod",12.36625,10.2951762125583,NA,NA,NA
"74",2024-03-14,3,"prechod",24.7558333333333,12.8312281174239,NA,NA,NA
"75",2024-03-15,3,"prechod",21.58875,18.9613253591236,NA,NA,NA
"76",2024-03-16,3,"prechod",4.44291666666667,15.2884423297438,NA,NA,NA
"77",2024-03-17,3,"prechod",7.56041666666667,5.71179754577838,NA,NA,NA
"78",2024-03-18,3,"prechod",8.08541666666667,11.065572671379,NA,NA,NA
"79",2024-03-19,3,"prechod",14.535,9.38450159269532,NA,NA,NA
"80",2024-03-20,3,"prechod",27.4016666666667,14.5729589026421,NA,NA,NA
"81",2024-03-21,3,"prechod",23.6754166666667,19.3123048414533,NA,NA,NA
"82",2024-03-22,3,"prechod",11.2325,16.0163600391316,NA,NA,NA
"83",2024-03-23,3,"prechod",11.5216666666667,10.3337127013552,NA,NA,NA
"84",2024-03-24,3,"prechod",3.70666666666667,12.0446096885356,NA,NA,NA
"85",2024-03-25,3,"prechod",5.16291666666667,5.39390371642917,NA,NA,NA
"86",2024-03-26,3,"prechod",12.7791666666667,8.6420395065578,NA,NA,NA
"87",2024-03-27,3,"prechod",8.41291666666667,13.5914214870443,NA,NA,NA
"88",2024-03-28,3,"prechod",3.63125,8.91620213996262,NA,NA,NA
"89",2024-03-29,3,"prechod",12.1175,5.81596896399411,NA,NA,NA
"90",2024-03-30,3,"prechod",44.5441666666667,14.7982715498113,NA,NA,NA
"91",2024-03-31,3,"prechod",58.9972727272727,26.1760827831587,NA,NA,NA
"92",2024-04-01,4,"leto",25.3883333333333,15.5815186803323,NA,NA,NA
"93",2024-04-02,4,"leto",2.77791666666667,12.468985001788,NA,NA,NA
"94",2024-04-03,4,"leto",6.63625,3.0535183693737,NA,NA,NA
"95",2024-04-04,4,"leto",3.07791666666667,8.42345146792715,NA,NA,NA
"96",2024-04-05,4,"leto",6.07958333333333,3.65142829106677,NA,NA,NA
"97",2024-04-06,4,"leto",5.06041666666667,7.4193698148906,NA,NA,NA
"98",2024-04-07,4,"leto",7.18541666666667,5.22337715588607,NA,NA,NA
"99",2024-04-08,4,"leto",9.96,7.3187696539526,NA,NA,NA
"100",2024-04-09,4,"leto",9.14,8.12914975455337,NA,NA,NA
"101",2024-04-10,4,"leto",4.19041666666667,7.38494252408845,NA,NA,NA
"102",2024-04-11,4,"leto",6.48708333333333,4.50631241756502,NA,NA,NA
"103",2024-04-12,4,"leto",7.19458333333333,6.99691626888479,NA,NA,NA
"104",2024-04-13,4,"leto",7.50541666666667,6.49015780572878,NA,NA,NA
"105",2024-04-14,4,"leto",7.50916666666667,6.7967175292002,NA,NA,NA
"106",2024-04-15,4,"leto",6.12791666666667,6.66417682314921,NA,NA,NA
"107",2024-04-16,4,"leto",2.13083333333333,5.82637938691085,NA,NA,NA
"108",2024-04-17,4,"leto",3.53416666666667,2.9957080228587,NA,NA,NA
"109",2024-04-18,4,"leto",5.5325,5.14121709600808,NA,NA,NA
"110",2024-04-19,4,"leto",3.95166666666667,5.81334853562503,NA,NA,NA
"111",2024-04-20,4,"leto",3.75166666666667,4.4492908724187,NA,NA,NA
"112",2024-04-21,4,"leto",6.685,4.65167889470699,NA,NA,NA
"113",2024-04-22,4,"leto",7.49791666666667,6.70061821539999,NA,NA,NA
"114",2024-04-23,4,"leto",9.08333333333333,6.41625540783104,NA,NA,NA
"115",2024-04-24,4,"leto",8.2875,7.35311409120145,NA,NA,NA
"116",2024-04-25,4,"leto",5.45375,6.59679000649275,NA,NA,NA
"117",2024-04-26,4,"leto",7.17708333333333,5.14440985624062,NA,NA,NA
"118",2024-04-27,4,"leto",5.55125,6.6457835446845,NA,NA,NA
"119",2024-04-28,4,"leto",4.56833333333333,5.14606897778829,NA,NA,NA
"120",2024-04-29,4,"leto",6.29916666666667,4.87762495500013,NA,NA,NA
"121",2024-04-30,4,"leto",5.7275,6.11444250460181,NA,NA,NA
"122",2024-05-01,5,"leto",5.25083333333333,5.323231628908,NA,NA,NA
"123",2024-05-02,5,"leto",6.71541666666667,5.22611668984521,NA,NA,NA
"124",2024-05-03,5,"leto",5.88541666666667,6.16460970200419,NA,NA,NA
"125",2024-05-04,5,"leto",4.58666666666667,5.33961399892235,NA,NA,NA
"126",2024-05-05,5,"leto",7.87541666666667,4.71436583462952,NA,NA,NA
"127",2024-05-06,5,"leto",6.32708333333333,6.99465054432626,NA,NA,NA
"128",2024-05-07,5,"leto",5.81541666666667,5.32167590848791,NA,NA,NA
"129",2024-05-08,5,"leto",5.69958333333333,5.46251211769901,NA,NA,NA
"130",2024-05-09,5,"leto",5.59416666666667,5.3261975024556,NA,NA,NA
"131",2024-05-10,5,"leto",4.85583333333333,5.28335883530399,NA,NA,NA
"132",2024-05-11,5,"leto",6.80541666666667,4.80419642787287,NA,NA,NA
"133",2024-05-12,5,"leto",6.06375,6.17344835984308,NA,NA,NA
"134",2024-05-13,5,"leto",3.80791666666667,5.26642193448305,NA,NA,NA
"135",2024-05-14,5,"leto",4.0025,4.05024429826296,NA,NA,NA
"136",2024-05-15,5,"leto",3.514375,4.53221908256745,NA,NA,NA
"137",2024-05-16,5,"leto",3.28833333333333,3.9999087951671,NA,NA,NA
"138",2024-05-17,5,"leto",3.70545454545455,3.96808342748153,NA,NA,NA
"139",2024-05-18,5,"leto",2.51583333333333,4.29377666221929,NA,NA,NA
"140",2024-05-19,5,"leto",4.40166666666667,3.22874740464236,NA,NA,NA
"141",2024-05-20,5,"leto",4.33916666666667,5.10715923727331,NA,NA,NA
"142",2024-05-21,5,"leto",7.01041666666667,4.36761532913142,NA,NA,NA
"143",2024-05-22,5,"leto",3.84833333333333,6.29357941106437,NA,NA,NA
"144",2024-05-23,5,"leto",3.69333333333333,3.75635614423367,NA,NA,NA
"145",2024-05-24,5,"leto",5.8075,4.28797144776712,NA,NA,NA
"146",2024-05-25,5,"leto",6.82,5.5431581586385,NA,NA,NA
"147",2024-05-26,5,"leto",7.45666666666667,5.67615600172961,NA,NA,NA
"148",2024-05-27,5,"leto",7.5875,5.96448598133372,NA,NA,NA
"149",2024-05-28,5,"leto",4.28541666666667,5.92729146170376,NA,NA,NA
"150",2024-05-29,5,"leto",5.64041666666667,4.05387301189692,NA,NA,NA
"151",2024-05-30,5,"leto",3.585,5.47181251787929,NA,NA,NA
"152",2024-05-31,5,"leto",3.07083333333333,3.67700236705128,NA,NA,NA
"153",2024-06-01,6,"leto",4.54041666666667,3.75178094852992,NA,NA,NA
"154",2024-06-02,6,"leto",7.41958333333333,4.8257322876669,NA,NA,NA
"155",2024-06-03,6,"leto",7.31583333333333,6.16848062666688,NA,NA,NA
"156",2024-06-04,6,"leto",7.95375,5.64751257799787,NA,NA,NA
"157",2024-06-05,6,"leto",6.84875,6.12812058512381,NA,NA,NA
"158",2024-06-06,6,"leto",4.48875,5.3991671014613,NA,NA,NA
"159",2024-06-07,6,"leto",6.01041666666667,4.23665347088257,NA,NA,NA
"160",2024-06-08,6,"leto",7.64708333333333,5.54343871332106,NA,NA,NA
"161",2024-06-09,6,"leto",6.09333333333333,5.9705696716492,NA,NA,NA
"162",2024-06-10,6,"leto",3.52916666666667,5.00932183115689,NA,NA,NA
"163",2024-06-11,6,"leto",2.545,3.67785223983822,NA,NA,NA
"164",2024-06-12,6,"leto",2.81541666666667,3.25785246374297,NA,NA,NA
"165",2024-06-13,6,"leto",4.70208333333333,3.61568495596709,NA,NA,NA
"166",2024-06-14,6,"leto",4.73041666666667,4.91585824730245,NA,NA,NA
"167",2024-06-15,6,"leto",3.54625,4.47732307046882,NA,NA,NA
"168",2024-06-16,6,"leto",2.28416666666667,3.8042151705136,NA,NA,NA
"169",2024-06-17,6,"leto",2.0075,2.98691191192074,NA,NA,NA
"170",2024-06-18,6,"leto",1.88625,2.95595364082647,NA,NA,NA
"171",2024-06-19,6,"leto",4.63833333333333,2.8437577939037,NA,NA,NA
"172",2024-06-20,6,"leto",3.15583333333333,5.23214004498529,NA,NA,NA
"173",2024-06-21,6,"leto",7.78291666666667,3.34275214502627,NA,NA,NA
"174",2024-06-22,6,"leto",4.04125,7.00940949441511,NA,NA,NA
"175",2024-06-23,6,"leto",4.58083333333333,3.59174612994483,NA,NA,NA
"176",2024-06-24,6,"leto",3.20333333333333,4.81596315782724,NA,NA,NA
"177",2024-06-25,6,"leto",4.38166666666667,3.46217208950077,NA,NA,NA
"178",2024-06-26,6,"leto",5.105,4.72943312730366,NA,NA,NA
"179",2024-06-27,6,"leto",10.5383333333333,4.74623511445261,NA,NA,NA
"180",2024-06-28,6,"leto",7.20266666666667,7.67591812510931,NA,NA,NA
"181",2024-06-29,6,"leto",6.72291666666667,5.1254794020966,NA,NA,NA
"182",2024-06-30,6,"leto",5.54125,5.56024837826193,NA,NA,NA
"183",2024-07-01,7,"leto",3.48583333333333,4.76798293042842,NA,NA,NA
"184",2024-07-02,7,"leto",3.06333333333333,3.6788668539999,NA,NA,NA
"185",2024-07-03,7,"leto",3.2575,3.66472347052563,NA,NA,NA
"186",2024-07-04,7,"leto",2.84,3.82435354766667,NA,NA,NA
"187",2024-07-05,7,"leto",12.1133333333333,3.44692660752268,NA,NA,NA
"188",2024-07-06,7,"leto",4.42142857142857,9.3458973395607,NA,NA,NA
"189",2024-07-07,7,"leto",1.57,3.4985145656915,NA,NA,NA
"190",2024-07-08,7,"leto",2.12,2.39636065326271,NA,NA,NA
"191",2024-07-09,7,"leto",3.685,3.29853241820829,NA,NA,NA
"192",2024-07-10,7,"leto",8.46375,4.31249757384772,NA,NA,NA
"193",2024-07-11,7,"leto",6.49291666666667,6.89661760017048,NA,NA,NA
"194",2024-07-12,7,"leto",4.31461538461538,4.99502850598657,NA,NA,NA
"195",2024-07-15,7,"leto",4.46588235294118,4.2359020652015,NA,NA,NA
"196",2024-07-16,7,"leto",3.30291666666667,4.56515386329937,NA,NA,NA
"197",2024-07-17,7,"leto",2.48125,3.65463301910184,NA,NA,NA
"198",2024-07-18,7,"leto",2.61541666666667,3.24610971527954,NA,NA,NA
"199",2024-07-19,7,"leto",3.50625,3.4953849971756,NA,NA,NA
"200",2024-07-20,7,"leto",4.75875,4.1570483911976,NA,NA,NA
"201",2024-07-21,7,"leto",6.52666666666667,4.83165235822517,NA,NA,NA
"202",2024-07-22,7,"leto",4.29333333333333,5.69638853820184,NA,NA,NA
"203",2024-07-23,7,"leto",3.55875,4.10305051478106,NA,NA,NA
"204",2024-07-24,7,"leto",2.91458333333333,4.02390580932951,NA,NA,NA
"205",2024-07-25,7,"leto",2.69666666666667,3.55316648160237,NA,NA,NA
"206",2024-07-26,7,"leto",5.49375,3.51681618060913,NA,NA,NA
"207",2024-07-27,7,"leto",5.53,5.67501670564022,NA,NA,NA
"208",2024-07-28,7,"leto",4.01708333333333,4.91567046227562,NA,NA,NA
"209",2024-07-29,7,"leto",2.69708333333333,4.16880399522431,NA,NA,NA
"210",2024-07-30,7,"leto",2.65958333333333,3.37776303686762,NA,NA,NA
"211",2024-07-31,7,"leto",6.13666666666667,3.58475498953945,NA,NA,NA
"212",2024-08-01,8,"leto",7.24166666666667,6.14979247962846,NA,NA,NA
"213",2024-08-02,8,"leto",6.87333333333333,5.81002427070556,NA,NA,NA
"214",2024-08-03,8,"leto",8.2525,5.72945703563727,NA,NA,NA
"215",2024-08-04,8,"leto",5.35583333333333,6.51751092440315,NA,NA,NA
"216",2024-08-05,8,"leto",4.03916666666667,4.70985030890292,NA,NA,NA
"217",2024-08-06,8,"leto",3.28208333333333,4.33767484552408,NA,NA,NA
"218",2024-08-07,8,"leto",6.47041666666667,3.89009539799749,NA,NA,NA
"219",2024-08-08,8,"leto",7.08916666666667,6.34106126915743,NA,NA,NA
"220",2024-08-09,8,"leto",4.56958333333333,5.79775187422546,NA,NA,NA
"221",2024-08-10,8,"leto",2.94416666666667,4.46895720764423,NA,NA,NA
"222",2024-08-11,8,"leto",4.045,3.63383909058452,NA,NA,NA
"223",2024-08-12,8,"leto",4.42791666666667,4.8066315213399,NA,NA,NA
"224",2024-08-13,8,"leto",5.9975,4.69177765657671,NA,NA,NA
"225",2024-08-14,8,"leto",5.91875,5.80533995818235,NA,NA,NA
"226",2024-08-15,8,"leto",5.7125,5.4023068146587,NA,NA,NA
"227",2024-08-16,8,"leto",4.98208333333333,5.41800225457234,NA,NA,NA
"228",2024-08-17,8,"leto",3.93416666666667,4.96205240609986,NA,NA,NA
"229",2024-08-18,8,"leto",6.21,4.37763587907857,NA,NA,NA
"230",2024-08-19,8,"leto",3.115,6.19267796307044,NA,NA,NA
"231",2024-08-20,8,"leto",4.95666666666667,3.5251986095888,NA,NA,NA
"232",2024-08-21,8,"leto",4.89333333333333,5.75471253425624,NA,NA,NA
"233",2024-08-22,8,"leto",4.01833333333333,4.91221587447848,NA,NA,NA
"234",2024-08-23,8,"leto",8.27541666666667,4.54913678413778,NA,NA,NA
"235",2024-08-24,8,"leto",8.90041666666667,7.56620071307669,NA,NA,NA
"236",2024-08-25,8,"leto",6.82333333333333,6.79845145470285,NA,NA,NA
"237",2024-08-26,8,"leto",3.69041666666667,5.91990593357584,NA,NA,NA
"238",2024-08-27,8,"leto",4.9575,4.12894379338057,NA,NA,NA
"239",2024-08-28,8,"leto",9.27333333333333,5.65324916996634,NA,NA,NA
"240",2024-08-29,8,"leto",11.2341666666667,7.80315053039638,NA,NA,NA
"241",2024-08-30,8,"leto",10.79375,8.0496075211345,NA,NA,NA
"242",2024-08-31,8,"leto",7.39875,7.80111749164105,NA,NA,NA
"243",2024-09-01,9,"leto",8.95166666666667,6.16072809245107,NA,NA,NA
"244",2024-09-02,9,"leto",13.4754166666667,7.56997614794052,NA,NA,NA
"245",2024-09-03,9,"leto",13.87875,9.36067205506219,NA,NA,NA
"246",2024-09-04,9,"leto",11.62875,8.97709450759685,NA,NA,NA
"247",2024-09-05,9,"leto",11.65875,8.13071963462164,NA,NA,NA
"248",2024-09-06,9,"leto",11.16,8.44815513893185,NA,NA,NA
"249",2024-09-07,9,"leto",10.1833333333333,8.15297403193109,NA,NA,NA
"250",2024-09-08,9,"leto",6.70708333333333,7.80139051613927,NA,NA,NA
"251",2024-09-09,9,"leto",3.31375,6.02730074992093,NA,NA,NA
"252",2024-09-10,9,"leto",2.14958333333333,4.11459350679295,NA,NA,NA
"253",2024-09-11,9,"leto",3.15625,3.49987198671214,NA,NA,NA
"254",2024-09-12,9,"leto",3.82958333333333,4.78172653642226,NA,NA,NA
"255",2024-09-13,9,"leto",2.94916666666667,4.95903329778752,NA,NA,NA
"256",2024-09-14,9,"leto",2.33416666666667,4.14625692008899,NA,NA,NA
"257",2024-09-15,9,"leto",1.58333333333333,3.7779528461835,NA,NA,NA
"258",2024-09-16,9,"leto",3.05708333333333,3.02430846464252,NA,NA,NA
"259",2024-09-17,9,"leto",17.26,5.05413081212511,NA,NA,NA
"260",2024-09-18,9,"leto",18.6670833333333,13.6752751204565,NA,NA,NA
"261",2024-09-19,9,"leto",14.6766666666667,10.6038746895804,NA,NA,NA
"262",2024-09-20,9,"leto",10.5429166666667,9.85381179004969,NA,NA,NA
"263",2024-09-21,9,"leto",10.8295833333333,8.14703577279857,NA,NA,NA
"264",2024-09-22,9,"leto",8.095,8.86359358897676,NA,NA,NA
"265",2024-09-23,9,"leto",10.7404166666667,7.16187477438901,NA,NA,NA
"266",2024-09-24,9,"leto",11.1329166666667,9.30500492609083,NA,NA,NA
"267",2024-09-25,9,"leto",4.95708333333333,8.83764007642286,NA,NA,NA
"268",2024-09-26,9,"leto",7.53,5.28276239715712,NA,NA,NA
"269",2024-09-27,9,"leto",2.37708333333333,8.25760446796999,NA,NA,NA
"270",2024-09-28,9,"leto",2.72583333333333,3.3585457160989,NA,NA,NA
"271",2024-09-29,9,"leto",5.34041666666667,4.91606894912607,NA,NA,NA
"272",2024-09-30,9,"leto",7.59958333333333,6.86896304991772,NA,NA,NA
"273",2024-10-01,10,"prechod",11.035,8.78624859289448,NA,NA,NA
"274",2024-10-02,10,"prechod",7.30708333333333,10.0795232731644,NA,NA,NA
"275",2024-10-03,10,"prechod",3.34541666666667,7.38438917680042,NA,NA,NA
"276",2024-10-04,10,"prechod",3.97583333333333,4.87440570702755,NA,NA,NA
"277",2024-10-05,10,"prechod",6.5725,6.26795778366766,NA,NA,NA
"278",2024-10-06,10,"prechod",12.1641666666667,8.13915132974043,NA,NA,NA
"279",2024-10-07,10,"prechod",22.4454166666667,11.3585557200211,NA,NA,NA
"280",2024-10-08,10,"prechod",17.7833333333333,15.4663831167441,NA,NA,NA
"281",2024-10-09,10,"prechod",6.62833333333333,12.1006693124318,NA,NA,NA
"282",2024-10-10,10,"prechod",6.76958333333333,6.8271525410164,NA,NA,NA
"283",2024-10-11,10,"prechod",8.07916666666667,8.34234163555737,NA,NA,NA
"284",2024-10-12,10,"prechod",13.5075,8.86788356278613,NA,NA,NA
"285",2024-10-13,10,"prechod",10.8725,12.3227501338099,NA,NA,NA
"286",2024-10-14,10,"prechod",4.29125,9.68395491179053,NA,NA,NA
"287",2024-10-15,10,"prechod",5.85166666666667,5.66937808625722,NA,NA,NA
"288",2024-10-16,10,"prechod",11.2641666666667,8.30056000555218,NA,NA,NA
"289",2024-10-17,10,"prechod",10.2741666666667,11.4571368424035,NA,NA,NA
"290",2024-10-18,10,"prechod",21.1008333333333,9.80685961750878,NA,NA,NA
"291",2024-10-19,10,"prechod",20.3854166666667,16.731401048038,NA,NA,NA
"292",2024-10-20,10,"prechod",19.54125,13.9221214220574,NA,NA,NA
"293",2024-10-21,10,"prechod",28.9216666666667,14.4437223748573,NA,NA,NA
"294",2024-10-22,10,"prechod",33.3885714285714,18.6612152017298,NA,NA,NA
"295",2024-10-23,10,"prechod",11.2825,19.0792391226508,NA,NA,NA
"296",2024-10-24,10,"prechod",22.8183333333333,9.27963471080847,NA,NA,NA
"297",2024-10-25,10,"prechod",31.03125,18.7251545090154,NA,NA,NA
"298",2024-10-26,10,"prechod",26.092,18.5583307731769,NA,NA,NA
"299",2024-10-27,10,"prechod",14.452,16.7095549939088,NA,NA,NA
"300",2024-10-28,10,"prechod",12.645,11.7498282979261,NA,NA,NA
"301",2024-10-29,10,"prechod",26.9429166666667,12.1018293016818,NA,NA,NA
"302",2024-10-30,10,"prechod",17.18625,19.9754830945713,NA,NA,NA
"303",2024-10-31,10,"prechod",12.54875,12.7541448677432,NA,NA,NA
"304",2024-11-01,11,"zima",22.2845833333333,13.4319697917078,NA,NA,NA
"305",2024-11-02,11,"zima",6.31083333333333,18.5346265745634,NA,NA,NA
"306",2024-11-03,11,"zima",21.4579166666667,7.24195944153224,NA,NA,NA
"307",2024-11-04,11,"zima",22.56,21.9487145651639,NA,NA,NA
"308",2024-11-05,11,"zima",23.9525,16.0135225440579,NA,NA,NA
"309",2024-11-06,11,"zima",35.7358333333333,18.3999905938923,NA,NA,NA
"310",2024-11-07,11,"zima",34.3870833333333,22.9792119013303,NA,NA,NA
"311",2024-11-08,11,"zima",57.0170833333333,20.8876272569966,NA,NA,NA
"312",2024-11-09,11,"zima",47.9870833333333,30.1216530222717,NA,NA,NA
"313",2024-11-10,11,"zima",62.2695833333333,23.9403732892138,NA,NA,NA
"314",2024-11-11,11,"zima",30.0433333333333,30.5979343099161,NA,NA,NA
"315",2024-11-12,11,"zima",24.3058333333333,17.4508896970112,NA,NA,NA
"316",2024-11-13,11,"zima",17.0833333333333,18.084618197623,NA,NA,NA
"317",2024-11-14,11,"zima",12.6779166666667,14.1467986107886,NA,NA,NA
"318",2024-11-15,11,"zima",11.5641666666667,12.5342278716904,NA,NA,NA
"319",2024-11-16,11,"zima",27.7579166666667,12.2483891769726,NA,NA,NA
"320",2024-11-17,11,"zima",10.3825,22.0786182954977,NA,NA,NA
"321",2024-11-18,11,"zima",5.0025,9.54275122349788,NA,NA,NA
"322",2024-11-19,11,"zima",11.8020833333333,7.64586215225541,NA,NA,NA
"323",2024-11-20,11,"zima",2.28625,14.502418309499,NA,NA,NA
"324",2024-11-21,11,"zima",5.61125,3.98352891421811,NA,NA,NA
"325",2024-11-22,11,"zima",6.63958333333333,10.8603067486948,NA,NA,NA
"326",2024-11-23,11,"zima",6.06083333333333,8.86113302793732,NA,NA,NA
"327",2024-11-24,11,"zima",21.07125,8.89074614498901,NA,NA,NA
"328",2024-11-25,11,"zima",37.72125,20.3309077787915,NA,NA,NA
"329",2024-11-26,11,"zima",44.7816666666667,23.0843862175441,NA,NA,NA
"330",2024-11-27,11,"zima",29.1008333333333,24.8601016608137,NA,NA,NA
"331",2024-11-28,11,"zima",10.1520833333333,18.23764353828,NA,NA,NA
"332",2024-11-29,11,"zima",3.67916666666667,9.98362093587484,NA,NA,NA
"333",2024-11-30,11,"zima",23.75875,6.14572089275999,NA,NA,NA
"334",2024-12-01,12,"zima",33.775,24.7296719926094,NA,NA,NA
"335",2024-12-02,12,"zima",22.2979166666667,20.1689021511048,NA,NA,NA
"336",2024-12-03,12,"zima",43.7029166666667,16.3177122098758,NA,NA,NA
"337",2024-12-04,12,"zima",9.17708333333333,27.2787891990431,NA,NA,NA
"338",2024-12-05,12,"zima",9.94083333333333,8.22576355667753,NA,NA,NA
"339",2024-12-06,12,"zima",12.6083333333333,12.6450435833476,NA,NA,NA
"340",2024-12-07,12,"zima",11.2875,12.9368933430755,NA,NA,NA
"341",2024-12-08,12,"zima",15.29,11.9336252014125,NA,NA,NA
"342",2024-12-09,12,"zima",10.50625,14.9760986247597,NA,NA,NA
"343",2024-12-10,12,"zima",4.06125,10.8664002813536,NA,NA,NA
"344",2024-12-11,12,"zima",11.5475,6.39035613804056,NA,NA,NA
"345",2024-12-12,12,"zima",17.3891666666667,15.122883874622,NA,NA,NA
"346",2024-12-13,12,"zima",20.3754166666667,15.142496973948,NA,NA,NA
"347",2024-12-14,12,"zima",16.0666666666667,16.8176791657157,NA,NA,NA
"348",2024-12-15,12,"zima",3.47791666666667,13.895158373535,NA,NA,NA
"349",2024-12-16,12,"zima",1.95708333333333,5.33582691224011,NA,NA,NA
"350",2024-12-17,12,"zima",4.1425,4.91927296591144,NA,NA,NA
"351",2024-12-18,12,"zima",10.2304166666667,8.30690759654037,NA,NA,NA
"352",2024-12-19,12,"zima",9.33791666666667,12.8489774428122,NA,NA,NA
"353",2024-12-20,12,"zima",5.33166666666667,10.5431866587328,NA,NA,NA
"354",2024-12-21,12,"zima",5.42041666666667,7.73053991927866,NA,NA,NA
"355",2024-12-22,12,"zima",2.60166666666667,8.61664784528228,NA,NA,NA
"356",2024-12-23,12,"zima",4.82041666666667,5.11268793751531,NA,NA,NA
"357",2024-12-24,12,"zima",6.60958333333333,9.07658046035919,NA,NA,NA
"358",2024-12-25,12,"zima",18.5770833333333,9.34709499168275,NA,NA,NA
"359",2024-12-26,12,"zima",30.1666666666667,18.4059814933498,NA,NA,NA
"360",2024-12-27,12,"zima",24.245,20.5299977602626,NA,NA,NA
"361",2024-12-28,12,"zima",30.0708333333333,17.1554247464947,NA,NA,NA
"362",2024-12-29,12,"zima",32.7108333333333,20.9448089186592,NA,NA,NA
"363",2024-12-30,12,"zima",37.9,20.8026931279198,NA,NA,NA
"364",2024-12-31,12,"zima",19.5525,22.990639840325,NA,NA,NA
"365",2025-01-01,1,"zima",24.88375,14.3501571697522,NA,NA,NA
"366",2025-01-02,1,"zima",5.59166666666667,19.5344038516244,NA,NA,NA
"367",2025-01-03,1,"zima",3.0975,6.57294433416624,NA,NA,NA
"368",2025-01-04,1,"zima",7.15083333333333,6.25120158304449,NA,NA,NA
"369",2025-01-05,1,"zima",20.745,11.0740991372269,NA,NA,NA
"370",2025-01-06,1,"zima",52.2675,18.7789978252427,NA,NA,NA
"371",2025-01-07,1,"zima",22.8716666666667,29.3969150460408,NA,NA,NA
"372",2025-01-08,1,"zima",4.37625,14.7420467452376,NA,NA,NA
"373",2025-01-09,1,"zima",19.235,6.10160519684466,NA,NA,NA
"374",2025-01-10,1,"zima",2.85208333333333,21.5394066282875,NA,NA,NA
"375",2025-01-11,1,"zima",2.79333333333333,4.07468948358464,NA,NA,NA
"376",2025-01-12,1,"zima",3.465,6.78281178958818,NA,NA,NA
"377",2025-01-13,1,"zima",8.07583333333333,6.66860658342285,NA,NA,NA
"378",2025-01-14,1,"zima",23.6945833333333,11.7651429176385,NA,NA,NA
"379",2025-01-15,1,"zima",7.56958333333333,20.1271209165666,NA,NA,NA
"380",2025-01-16,1,"zima",NA,NA,7.96341632876097,2.68959114762524,23.5783047104276
"381",2025-01-17,1,"zima",NA,NA,11.0236471204079,2.9942438829595,40.5848022356708
"382",2025-01-18,1,"zima",NA,NA,12.3536175211563,3.27502331506542,46.5987112693188
"383",2025-01-19,1,"zima",NA,NA,12.8564831753543,3.39830416037946,48.6387185600575
"384",2025-01-20,1,"zima",NA,NA,13.0374267120968,3.44488764282916,49.3410853695369
"385",2025-01-21,1,"zima",NA,NA,13.1014083540421,3.46164014695345,49.5854258595971
"386",2025-01-22,1,"zima",NA,NA,13.1238941325375,3.46756246135531,49.6707987589451
"387",2025-01-23,1,"zima",NA,NA,13.1317796135627,3.46964362870128,49.7006765745934
"388",2025-01-24,1,"zima",NA,NA,13.1345428739789,3.47037344589668,49.7111389301262
"389",2025-01-25,1,"zima",NA,NA,13.135510931171,3.47062918849651,49.714803296995
"390",2025-01-26,1,"zima",NA,NA,13.1358500408095,3.4707187828515,49.7160868080677
"391",2025-01-27,1,"zima",NA,NA,13.1359688267969,3.47075016763913,49.7165363924633
"392",2025-01-28,1,"zima",NA,NA,13.1360104356142,3.47076116134396,49.716693872922
"393",2025-01-29,1,"zima",NA,NA,13.1360250104546,3.47076501226099,49.7167490353605
"394",2025-01-30,1,"zima",NA,NA,13.136030115759,3.47076636116975,49.7167683577445
"395",2025-01-31,1,"zima",NA,NA,13.1360319040545,3.47076683366821,49.7167751260216
"396",2025-02-01,2,"zima",NA,NA,13.1360325304618,3.47076699917584,49.7167774968254
"397",2025-02-02,2,"zima",NA,NA,13.1360327498808,3.47076705715015,49.7167783272746
"398",2025-02-03,2,"zima",NA,NA,13.1360328267393,3.47076707745749,49.7167786181659
"399",2025-02-04,2,"zima",NA,NA,13.1360328536614,3.47076708457078,49.7167787200597
"400",2025-02-05,2,"zima",NA,NA,13.1360328630918,3.47076708706244,49.7167787557513
"401",2025-02-06,2,"zima",NA,NA,13.136032866395,3.47076708793522,49.7167787682534
"402",2025-02-07,2,"zima",NA,NA,13.1360328675521,3.47076708824094,49.7167787726327
"403",2025-02-08,2,"zima",NA,NA,13.1360328679574,3.47076708834803,49.7167787741666
"404",2025-02-09,2,"zima",NA,NA,13.1360328680994,3.47076708838554,49.716778774704
"405",2025-02-10,2,"zima",NA,NA,13.1360328681491,3.47076708839868,49.7167787748922
"406",2025-02-11,2,"zima",NA,NA,13.1360328681665,3.47076708840328,49.7167787749581
"407",2025-02-12,2,"zima",NA,NA,13.1360328681726,3.47076708840489,49.7167787749812
"408",2025-02-13,2,"zima",NA,NA,13.1360328681748,3.47076708840546,49.7167787749893
"409",2025-02-14,2,"zima",NA,NA,13.1360328681755,3.47076708840566,49.7167787749921
"410",2025-02-15,2,"zima",NA,NA,13.1360328681758,3.47076708840573,49.7167787749931
"411",2025-02-16,2,"zima",NA,NA,13.1360328681759,3.47076708840575,49.7167787749935
"412",2025-02-17,2,"zima",NA,NA,13.1360328681759,3.47076708840576,49.7167787749936
"413",2025-02-18,2,"zima",NA,NA,13.1360328681759,3.47076708840576,49.7167787749936
"414",2025-02-19,2,"zima",NA,NA,13.1360328681759,3.47076708840576,49.7167787749936
"415",2025-02-20,2,"zima",NA,NA,13.1360328681759,3.47076708840576,49.7167787749937
"416",2025-02-21,2,"zima",NA,NA,13.1360328681759,3.47076708840576,49.7167787749937
"417",2025-02-22,2,"zima",NA,NA,13.1360328681759,3.47076708840576,49.7167787749937
"418",2025-02-23,2,"zima",NA,NA,13.1360328681759,3.47076708840576,49.7167787749937
"419",2025-02-24,2,"zima",NA,NA,13.1360328681759,3.47076708840576,49.7167787749937
"420",2025-02-25,2,"zima",NA,NA,13.1360328681759,3.47076708840576,49.7167787749937
"421",2025-02-26,2,"zima",NA,NA,13.1360328681759,3.47076708840576,49.7167787749937
"422",2025-02-27,2,"zima",NA,NA,13.1360328681759,3.47076708840576,49.7167787749937
"423",2025-02-28,2,"zima",NA,NA,13.1360328681759,3.47076708840576,49.7167787749937
"424",2025-03-01,3,"prechod",NA,NA,12.4069101609865,3.27812025804853,46.957221708036
"425",2025-03-02,3,"prechod",NA,NA,12.3729243820075,3.26914062741442,46.828593569545
"426",2025-03-03,3,"prechod",NA,NA,12.3393211468644,3.2602620714783,46.701413269031
"427",2025-03-04,3,"prechod",NA,NA,12.3060978422358,3.25148389975552,46.5756709156913
"428",2025-03-05,3,"prechod",NA,NA,12.2732518885686,3.2428054306835,46.4513567465266
"429",2025-03-06,3,"prechod",NA,NA,12.2407807397448,3.23422599153383,46.3284611250825
"430",2025-03-07,3,"prechod",NA,NA,12.2086818827538,3.22574491832568,46.2069745402082
"431",2025-03-08,3,"prechod",NA,NA,12.1769528373695,3.21736155574038,46.0868876048341
"432",2025-03-09,3,"prechod",NA,NA,12.1455911558318,3.20907525703737,45.9681910547668
"433",2025-03-10,3,"prechod",NA,NA,12.1145944225326,3.20088538397125,45.8508757475012
"434",2025-03-11,3,"prechod",NA,NA,12.0839602537072,3.1927913067101,45.7349326610508
"435",2025-03-12,3,"prechod",NA,NA,12.0536862971289,3.18479240375499,45.6203528927943
"436",2025-03-13,3,"prechod",NA,NA,12.0237702318095,3.17688806186067,45.5071276583397
"437",2025-03-14,3,"prechod",NA,NA,11.9942097677031,3.16907767595739,45.3952482904047
"438",2025-03-15,3,"prechod",NA,NA,11.9650026454148,3.16136064907396,45.2847062377139
"439",2025-03-16,3,"prechod",NA,NA,11.9361466359136,3.15373639226185,45.1754930639121
"440",2025-03-17,3,"prechod",NA,NA,11.9076395402498,3.14620432452047,45.0676004464941
"441",2025-03-18,3,"prechod",NA,NA,11.8794791892758,3.13876387272355,44.9610201757496
"442",2025-03-19,3,"prechod",NA,NA,11.8516634433723,3.13141447154664,44.855744153725
"443",2025-03-20,3,"prechod",NA,NA,11.8241901921774,3.12415556339563,44.7517643931996
"444",2025-03-21,3,"prechod",NA,NA,11.7970573543207,3.11698659833644,44.6490730166783
"445",2025-03-22,3,"prechod",NA,NA,11.7702628771606,3.1099070340257,44.5476622553984
"446",2025-03-23,3,"prechod",NA,NA,11.7438047365265,3.1029163356425,44.4475244483524
"447",2025-03-24,3,"prechod",NA,NA,11.717680936464,3.09601397582117,44.3486520413249
"448",2025-03-25,3,"prechod",NA,NA,11.6918895089846,3.08919943458511,44.2510375859447
"449",2025-03-26,3,"prechod",NA,NA,11.6664285138191,3.08247219928162,44.1546737387513
"450",2025-03-27,3,"prechod",NA,NA,11.6412960381744,3.0758317645177,44.0595532602754
"451",2025-03-28,3,"prechod",NA,NA,11.6164901964947,3.0692776320969,43.9656690141341
"452",2025-03-29,3,"prechod",NA,NA,11.5920091302261,3.0628093109571,43.8730139661399
"453",2025-03-30,3,"prechod",NA,NA,11.5678510075845,3.0564263171093,43.7815811834236
"454",2025-03-31,3,"prechod",NA,NA,11.544014023328,3.05012817357734,43.691363833571
"455",2025-04-01,4,"leto",NA,NA,6.81552094414775,1.80077851667046,25.7951354428654
"456",2025-04-02,4,"leto",NA,NA,6.747171178946,1.78271932650679,25.5364477408811
"457",2025-04-03,4,"leto",NA,NA,6.68029033557445,1.76504825089757,25.2833195607406
"458",2025-04-04,4,"leto",NA,NA,6.61484824163004,1.74775731777202,25.0356367070314
"459",2025-04-05,4,"leto",NA,NA,6.55081552582894,1.73083876672895,24.7932880163885
"460",2025-04-06,4,"leto",NA,NA,6.48816359644504,1.71428504333979,24.556165275888
"461",2025-04-07,4,"leto",NA,NA,6.42686462041344,1.69808879362737,24.3241631439597
"462",2025-04-08,4,"leto",NA,NA,6.3668915030777,1.68224285871484,24.0971790737348
"463",2025-04-09,4,"leto",NA,NA,6.30821786856084,1.66674026963929,23.8751132387545
"464",2025-04-10,4,"leto",NA,NA,6.25081804073998,1.65157424232495,23.6578684609642
"465",2025-04-11,4,"leto",NA,NA,6.19466702480622,1.636738172711,23.4453501409216
"466",2025-04-12,4,"leto",NA,NA,6.13974048939091,1.62222563202899,23.2374661901486
"467",2025-04-13,4,"leto",NA,NA,6.08601474924097,1.60803036222539,23.0341269655621
"468",2025-04-14,4,"leto",NA,NA,6.03346674842614,1.59414627152466,22.835245205917
"469",2025-04-15,4,"leto",NA,NA,5.98207404406154,1.58056743012841,22.6407359701999
"470",2025-04-16,4,"leto",NA,NA,5.93181479052977,1.56728806604669,22.4505165779138
"471",2025-04-17,4,"leto",NA,NA,5.88266772418711,1.55430256105705,22.2645065511943
"472",2025-04-18,4,"leto",NA,NA,5.83461214853898,1.54160544678764,22.0826275587025
"473",2025-04-19,4,"leto",NA,NA,5.78762791987038,1.52919140092056,21.9048033612395
"474",2025-04-20,4,"leto",NA,NA,5.74169543331736,1.51705524351164,21.7309597590303
"475",2025-04-21,4,"leto",NA,NA,5.69679560936631,1.5051919334234,21.5610245406267
"476",2025-04-22,4,"leto",NA,NA,5.65290988076799,1.49359656486744,21.39492743338
"477",2025-04-23,4,"leto",NA,NA,5.61002017985399,1.48226436405325,21.2326000554367
"478",2025-04-24,4,"leto",NA,NA,5.56810892624341,1.47119068594014,21.0739758692117
"479",2025-04-25,4,"leto",NA,NA,5.52715901492839,1.46037101108917,20.918990136294
