"datum","den_v_tydnu","velke_svatky","letni_prazdniny","valid_speed_count","fitted","predikce","forecast_14d"
2024-01-01,"1","1","0",13098,21058.4784516419,NA,NA
2024-01-02,"2","0","0",28397,33292.560253084,NA,NA
2024-01-03,"3","0","0",33732,32488.9701289644,NA,NA
2024-01-04,"4","0","0",33987,35472.549093356,NA,NA
2024-01-05,"5","0","0",36458,35011.3538382574,NA,NA
2024-01-06,"6","0","0",25288,27907.4846252838,NA,NA
2024-01-07,"7","0","0",20243,23360.1179903336,NA,NA
2024-01-08,"1","0","0",34104,35362.830575275,NA,NA
2024-01-09,"2","0","0",33630,34803.108129715,NA,NA
2024-01-10,"3","0","0",35143,34682.7115425891,NA,NA
2024-01-11,"4","0","0",36005,36724.9955998531,NA,NA
2024-01-12,"5","0","0",39044,36100.5436601011,NA,NA
2024-01-13,"6","0","0",27213,29110.8952289781,NA,NA
2024-01-14,"7","0","0",22261,24402.2879515636,NA,NA
2024-01-15,"1","0","0",36385,36373.5711499229,NA,NA
2024-01-16,"2","0","0",32849,35883.2316637052,NA,NA
2024-01-17,"3","0","0",34466,34844.4966806878,NA,NA
2024-01-18,"4","0","0",29023,36576.5405776696,NA,NA
2024-01-19,"5","0","0",34523,33892.2320782364,NA,NA
2024-01-20,"6","0","0",24191,26893.6501978406,NA,NA
2024-01-21,"7","0","0",20601,22643.9458303534,NA,NA
2024-01-22,"1","0","0",36479,35206.2720238564,NA,NA
2024-01-23,"2","0","0",35308,35477.108046625,NA,NA
2024-01-24,"3","0","0",34568,35451.3737404779,NA,NA
2024-01-25,"4","0","0",34649,36834.2061710737,NA,NA
2024-01-26,"5","0","0",37443,35723.1145376997,NA,NA
2024-01-27,"6","0","0",24550,28476.5232712542,NA,NA
2024-01-28,"7","0","0",19950,23344.6616469477,NA,NA
2024-01-29,"1","0","0",35789,35266.7202313377,NA,NA
2024-01-30,"2","0","0",33622,35286.8710988387,NA,NA
2024-01-31,"3","0","0",35090,34860.5668024936,NA,NA
2024-02-01,"4","0","0",35188,36774.9478399402,NA,NA
2024-02-02,"5","0","0",38747,35867.2325293906,NA,NA
2024-02-03,"6","0","0",25287,28932.3455896498,NA,NA
2024-02-04,"7","0","0",22095,23741.8308528919,NA,NA
2024-02-05,"1","0","0",36101,36076.1985614758,NA,NA
2024-02-06,"2","0","0",36738,35684.8118732395,NA,NA
2024-02-07,"3","0","0",36517,35969.7510737531,NA,NA
2024-02-08,"4","0","0",37772,37628.4259869373,NA,NA
2024-02-09,"5","0","0",39690,36982.1699342455,NA,NA
2024-02-10,"6","0","0",28591,29638.721582511,NA,NA
2024-02-11,"7","0","0",22046,25023.955861329,NA,NA
2024-02-12,"1","0","0",37546,36538.9996426652,NA,NA
2024-02-13,"2","0","0",37418,36302.9018543165,NA,NA
2024-02-14,"3","0","0",39696,36409.8288160556,NA,NA
2024-02-15,"4","0","0",38614,38772.7434996564,NA,NA
2024-02-16,"5","0","0",40113,37668.35289058,NA,NA
2024-02-17,"6","0","0",29211,30024.932183978,NA,NA
2024-02-18,"7","0","0",24997,25359.0991583847,NA,NA
2024-02-19,"1","0","0",37020,37573.8966871909,NA,NA
2024-02-20,"2","0","0",36621,36526.4608665773,NA,NA
2024-02-21,"3","0","0",37838,36247.3966448121,NA,NA
2024-02-22,"4","0","0",36434,38139.2627050192,NA,NA
2024-02-23,"5","0","0",39026,36759.997033956,NA,NA
2024-02-24,"6","0","0",30591,29351.1552922581,NA,NA
2024-02-25,"7","0","0",24509,25533.4874325117,NA,NA
2024-02-26,"1","0","0",36169,37488.419662708,NA,NA
2024-02-27,"2","0","0",38564,36232.1843513791,NA,NA
2024-02-28,"3","0","0",37877,36736.8504208654,NA,NA
2024-02-29,"4","0","0",39118,38333.7321612067,NA,NA
2024-03-01,"5","0","0",14823,37660.1257165016,NA,NA
2024-03-02,"6","0","0",28358,22223.4208037113,NA,NA
2024-03-03,"7","0","0",24311,22188.0621578606,NA,NA
2024-03-04,"1","0","0",32118,36180.3604394999,NA,NA
2024-03-05,"2","0","0",36570,34495.4370260675,NA,NA
2024-03-06,"3","0","0",37874,35474.6082242353,NA,NA
2024-03-07,"4","0","0",37836,37862.3076156348,NA,NA
2024-03-08,"5","0","0",40392,37089.084158965,NA,NA
2024-03-09,"6","0","0",29620,29895.0430320958,NA,NA
2024-03-10,"7","0","0",24538,25436.8026808603,NA,NA
2024-03-11,"1","0","0",38636,37461.3229855933,NA,NA
2024-03-12,"2","0","0",38751,36982.8101944072,NA,NA
2024-03-13,"3","0","0",39657,37074.3088916537,NA,NA
2024-03-14,"4","0","0",39797,39008.4016839302,NA,NA
2024-03-15,"5","0","0",42193,38120.9850631771,NA,NA
2024-03-16,"6","0","0",32872,30835.0408249273,NA,NA
2024-03-17,"7","0","0",27859,26789.9752099733,NA,NA
2024-03-18,"1","0","0",37407,38989.7828624164,NA,NA
2024-03-19,"2","0","0",39452,37173.5665934079,NA,NA
2024-03-20,"3","0","0",39582,37361.5740635102,NA,NA
2024-03-21,"4","0","0",39312,39092.3524170937,NA,NA
2024-03-22,"5","0","0",41134,38002.722621972,NA,NA
2024-03-23,"6","0","0",30380,30464.4045327789,NA,NA
2024-03-24,"7","0","0",26555,25883.3857971313,NA,NA
2024-03-25,"1","0","0",39820,38249.7501165084,NA,NA
2024-03-26,"2","0","0",39774,37641.7947765185,NA,NA
2024-03-27,"3","0","0",41476,37635.3978093213,NA,NA
2024-03-28,"4","0","0",41769,39778.4552939585,NA,NA
2024-03-29,"5","0","0",27885,39016.1092473496,NA,NA
2024-03-30,"6","0","0",30780,26756.6710612308,NA,NA
2024-03-31,"7","0","0",24723,24624.6763313999,NA,NA
2024-04-01,"1","1","0",20870,21678.6409331874,NA,NA
2024-04-02,"2","0","0",39096,36203.9027404659,NA,NA
2024-04-03,"3","0","0",39014,36890.3564271099,NA,NA
2024-04-04,"4","0","0",38803,38741.557598129,NA,NA
2024-04-05,"5","0","0",41648,37715.0085700714,NA,NA
2024-04-06,"6","0","0",33180,30515.6568725957,NA,NA
2024-04-07,"7","0","0",28266,26765.900301981,NA,NA
2024-04-08,"1","0","0",39694,39106.311812406,NA,NA
2024-04-09,"2","0","0",39733,37922.2237946856,NA,NA
2024-04-10,"3","0","0",39622,37727.2846406268,NA,NA
2024-04-11,"4","0","0",40580,39241.0050856578,NA,NA
2024-04-12,"5","0","0",41978,38449.134247535,NA,NA
2024-04-13,"6","0","0",35329,30891.0605187073,NA,NA
2024-04-14,"7","0","0",28692,27568.4989855898,NA,NA
2024-04-15,"1","0","0",38962,39536.841337284,NA,NA
2024-04-16,"2","0","0",37702,37856.9831184952,NA,NA
2024-04-17,"3","0","0",39056,37076.6854555367,NA,NA
2024-04-18,"4","0","0",28998,38823.962702994,NA,NA
2024-04-19,"5","0","0",21561,34722.2473128931,NA,NA
2024-04-20,"6","0","0",15520,23206.0647820105,NA,NA
2024-04-21,"7","0","0",13158,18595.6056867198,NA,NA
2024-04-22,"1","0","0",38005,31402.1279976206,NA,NA
2024-04-23,"2","0","0",38749,34529.6759113819,NA,NA
2024-04-24,"3","0","0",39468,36159.2889229441,NA,NA
2024-04-25,"4","0","0",38827,38609.0487525356,NA,NA
2024-04-26,"5","0","0",41956,37673.0166952637,NA,NA
2024-04-27,"6","0","0",31627,30594.9795723755,NA,NA
2024-04-28,"7","0","0",27122,26316.5834284744,NA,NA
2024-04-29,"1","0","0",40026,38586.0646574131,NA,NA
2024-04-30,"2","0","0",41154,37830.6779965341,NA,NA
2024-05-01,"3","0","0",27216,38131.3417409498,NA,NA
2024-05-02,"4","0","0",38755,35566.092825738,NA,NA
2024-05-03,"5","0","0",40902,36516.5560673923,NA,NA
2024-05-04,"6","0","0",34534,29838.8977922733,NA,NA
2024-05-05,"7","0","0",26396,26931.1595875349,NA,NA
2024-05-06,"1","0","0",38846,38591.2773371014,NA,NA
2024-05-07,"2","0","0",39720,37468.7552698292,NA,NA
2024-05-08,"3","0","0",25164,37554.2460301954,NA,NA
2024-05-09,"4","0","0",41126,34718.2246331546,NA,NA
2024-05-10,"5","0","0",40996,36931.6375464221,NA,NA
2024-05-11,"6","0","0",33186,30022.6048964324,NA,NA
2024-05-12,"7","0","0",28911,26583.9658565911,NA,NA
2024-05-13,"1","0","0",39901,39237.3886554984,NA,NA
2024-05-14,"2","0","0",39756,38034.9132375633,NA,NA
2024-05-15,"3","0","0",27955,37776.3818114743,NA,NA
2024-05-16,"4","0","0",39620,35661.6605154702,NA,NA
2024-05-17,"5","0","0",29787,36818.9109187878,NA,NA
2024-05-18,"6","0","0",26895,26524.1699218363,NA,NA
2024-05-19,"7","0","0",24044,23340.0300540891,NA,NA
2024-05-20,"1","0","0",36728,36527.4229377061,NA,NA
2024-05-21,"2","0","0",36093,36046.3475126961,NA,NA
2024-05-22,"3","0","0",38133,35905.6203885512,NA,NA
2024-05-23,"4","0","0",38658,38102.8323986367,NA,NA
2024-05-24,"5","0","0",40378,37432.2121012564,NA,NA
2024-05-25,"6","0","0",30212,30018.6265637007,NA,NA
2024-05-26,"7","0","0",24810,25665.4179088742,NA,NA
2024-05-27,"1","0","0",38035,37630.4132119862,NA,NA
2024-05-28,"2","0","0",32075,36860.5135574064,NA,NA
2024-05-29,"3","0","0",34391,34970.1062263689,NA,NA
2024-05-30,"4","0","0",39412,36600.2343446694,NA,NA
2024-05-31,"5","0","0",40444,37104.6242883101,NA,NA
2024-06-01,"6","0","0",15451,29916.8703608715,NA,NA
2024-06-02,"7","0","0",12263,21075.7745761763,NA,NA
2024-06-03,"1","0","0",35111,32050.6254473432,NA,NA
2024-06-04,"2","0","0",30472,33879.0064957472,NA,NA
2024-06-05,"3","0","0",28332,33364.4502094257,NA,NA
2024-06-06,"4","0","0",38884,34133.3696321077,NA,NA
2024-06-07,"5","0","0",23323,36022.2885338859,NA,NA
2024-06-08,"6","0","0",25325,24233.9855271204,NA,NA
2024-06-09,"7","0","0",20277,22002.239747187,NA,NA
2024-06-10,"1","0","0",38276,34867.1678500089,NA,NA
2024-06-11,"2","0","0",31317,35904.8316823919,NA,NA
2024-06-12,"3","0","0",40148,34380.1393148325,NA,NA
2024-06-13,"4","0","0",35524,38155.5579366034,NA,NA
2024-06-14,"5","0","0",42137,36485.4627337485,NA,NA
2024-06-15,"6","0","0",20830,30208.1333763606,NA,NA
2024-06-16,"7","0","0",29487,22843.0153213444,NA,NA
2024-06-17,"1","0","0",34958,38020.5690652362,NA,NA
2024-06-18,"2","0","0",27227,36057.1175539929,NA,NA
2024-06-19,"3","0","0",26971,33175.7080301781,NA,NA
2024-06-20,"4","0","0",39499,33643.3371285368,NA,NA
2024-06-21,"5","0","0",36884,36029.2713228288,NA,NA
2024-06-22,"6","0","0",27463,28418.2692048872,NA,NA
2024-06-23,"7","0","0",28418,24221.2025237777,NA,NA
2024-06-24,"1","0","0",37218,38204.6492099784,NA,NA
2024-06-25,"2","0","0",21051,36822.6286510233,NA,NA
2024-06-26,"3","0","0",39164,31556.6151739304,NA,NA
2024-06-27,"4","0","0",32112,36799.6652258093,NA,NA
2024-06-28,"5","0","0",24621,34927.9280789593,NA,NA
2024-06-29,"6","0","0",23004,24226.3161305832,NA,NA
2024-06-30,"7","0","0",21087,21283.6755636902,NA,NA
2024-07-01,"1","0","1",36091,33155.866517122,NA,NA
2024-07-02,"2","0","1",23689,34053.2231687097,NA,NA
2024-07-03,"3","0","1",27573,30797.8235946268,NA,NA
2024-07-04,"4","0","1",39209,32402.6620162771,NA,NA
2024-07-05,"5","0","1",28142,34937.4319641755,NA,NA
2024-07-06,"6","0","1",25349,24775.6427106907,NA,NA
2024-07-07,"7","0","1",22750,21671.5881862497,NA,NA
2024-07-08,"1","0","1",38304,34966.5397204857,NA,NA
2024-07-09,"2","0","1",37699,35410.5521752039,NA,NA
2024-07-10,"3","0","1",37083,35623.9014181038,NA,NA
2024-07-11,"4","0","1",37984,37134.0887319918,NA,NA
2024-07-12,"5","0","1",18232,36323.3243571429,NA,NA
2024-07-13,NA,NA,NA,NA,NA,NA,NA
2024-07-14,NA,NA,NA,NA,NA,NA,NA
2024-07-15,"1","0","1",21617,32596.3251898361,NA,NA
2024-07-16,"2","0","1",31088,29139.733392842,NA,NA
2024-07-17,"3","0","1",39209,31263.1838271345,NA,NA
2024-07-18,"4","0","1",39036,36168.1008048816,NA,NA
2024-07-19,"5","0","1",41690,36287.9413674599,NA,NA
2024-07-20,"6","0","1",31537,29456.7672581237,NA,NA
2024-07-21,"7","0","1",30472,25324.6137559171,NA,NA
2024-07-22,"1","0","1",32328,38709.3637602247,NA,NA
2024-07-23,"2","0","1",30630,34962.9215972089,NA,NA
2024-07-24,"3","0","1",30887,33277.2450535974,NA,NA
2024-07-25,"4","0","1",40266,34348.7714821178,NA,NA
2024-07-26,"5","0","1",35665,35988.7796083385,NA,NA
2024-07-27,"6","0","1",28452,27487.329770751,NA,NA
2024-07-28,"7","0","1",24616,23639.2102834397,NA,NA
2024-07-29,"1","0","1",36058,36275.3700649003,NA,NA
2024-07-30,"2","0","1",39633,35205.8389581938,NA,NA
2024-07-31,"3","0","1",31324,36143.9645729775,NA,NA
2024-08-01,"4","0","1",22524,35552.0918660161,NA,NA
2024-08-02,"5","0","1",28145,30966.3786587596,NA,NA
2024-08-03,"6","0","1",21366,23296.3618125228,NA,NA
2024-08-04,"7","0","1",19732,19891.9866946697,NA,NA
2024-08-05,"1","0","1",39365,33372.5622156995,NA,NA
2024-08-06,"2","0","1",33238,35143.5695337527,NA,NA
2024-08-07,"3","0","1",36994,34148.7863742715,NA,NA
2024-08-08,"4","0","1",40532,36556.7970254377,NA,NA
2024-08-09,"5","0","1",41891,36893.842801463,NA,NA
2024-08-10,"6","0","1",32477,29744.5454925728,NA,NA
2024-08-11,"7","0","1",28990,25721.7373234252,NA,NA
2024-08-12,"1","0","1",35188,38400.4000010825,NA,NA
2024-08-13,"2","0","1",38025,35729.6677533204,NA,NA
2024-08-14,"3","0","1",40121,35843.3770390352,NA,NA
2024-08-15,"4","0","1",31089,38152.6981606696,NA,NA
2024-08-16,"5","0","1",22273,34576.862222804,NA,NA
2024-08-17,"6","0","1",30763,22831.4711621826,NA,NA
2024-08-18,"7","0","1",26797,22616.365655782,NA,NA
2024-08-19,"1","0","1",39909,36566.6407075497,NA,NA
2024-08-20,"2","0","1",40180,36501.9072392831,NA,NA
2024-08-21,"3","0","1",21680,36795.7460331462,NA,NA
2024-08-22,"4","0","1",40600,32821.2111411127,NA,NA
2024-08-23,"5","0","1",37838,35522.3755912794,NA,NA
2024-08-24,"6","0","1",21039,27983.5461846,NA,NA
2024-08-25,"7","0","1",21262,21538.2958013189,NA,NA
2024-08-26,"1","0","1",36450,34458.0142479611,NA,NA
2024-08-27,"2","0","1",40009,34649.2989064584,NA,NA
2024-08-28,"3","0","1",40983,36052.4585107284,NA,NA
2024-08-29,"4","0","1",36122,38496.4400735668,NA,NA
2024-08-30,"5","0","1",42583,36256.9715844193,NA,NA
2024-08-31,"6","0","1",33066,29720.5380859549,NA,NA
2024-09-01,"7","0","0",26433,27587.6426335754,NA,NA
2024-09-02,"1","0","0",36753,38847.3900579764,NA,NA
2024-09-03,"2","0","0",39627,36918.821858759,NA,NA
2024-09-04,"3","0","0",31610,37320.5813697272,NA,NA
2024-09-05,"4","0","0",40817,36618.8201111185,NA,NA
2024-09-06,"5","0","0",43042,37544.799041699,NA,NA
2024-09-07,"6","0","0",31455,30882.0664077869,NA,NA
2024-09-08,"7","0","0",26248,26370.5566890158,NA,NA
2024-09-09,"1","0","0",39351,38336.6757921383,NA,NA
2024-09-10,"2","0","0",34820,37529.5750148662,NA,NA
2024-09-11,"3","0","0",22008,36065.9485917104,NA,NA
2024-09-12,"4","0","0",35193,33190.2766197102,NA,NA
2024-09-13,"5","0","0",31631,34532.591872357,NA,NA
2024-09-14,"6","0","0",20121,26240.5642011683,NA,NA
2024-09-15,"7","0","0",21566,21145.4802372982,NA,NA
2024-09-16,"1","0","0",22214,34945.2887108561,NA,NA
2024-09-17,"2","0","0",37741,30981.0599328967,NA,NA
2024-09-18,"3","0","0",32034,34525.7183261782,NA,NA
2024-09-19,"4","0","0",40325,35707.7828052155,NA,NA
2024-09-20,"5","0","0",41535,37053.4973203833,NA,NA
2024-09-21,"6","0","0",33475,30234.2344730184,NA,NA
2024-09-22,"7","0","0",29269,26751.9668327706,NA,NA
2024-09-23,"1","0","0",39908,39410.4040117624,NA,NA
2024-09-24,"2","0","0",38717,38101.5630568989,36841.8755396093,NA
2024-09-25,"3","0","0",39043,37480.8385877703,33894.2260423876,NA
2024-09-26,"4","0","0",39095,38970.6016713466,37241.7889630294,NA
2024-09-27,"5","0","0",41532,37890.4258641284,35717.943267136,NA
2024-09-28,"6","0","0",27574,30545.2736329621,27164.4390490205,NA
2024-09-29,"7","0","0",28503,25048.2692565135,23838.417383323,NA
2024-09-30,"1","0","0",40110,38539.1481408177,34397.4552050961,NA
2024-10-01,"2","0","0",37174,37839.0922213322,35915.7720455149,NA
2024-10-02,"3","0","0",38953,36907.2021382445,34018.0958823864,NA
2024-10-03,"4","0","0",34793,38729.0268104088,37580.1079805353,NA
2024-10-04,"5","0","0",41632,36473.8109116886,36291.4837387831,NA
2024-10-05,"6","0","0",31668,30048.0679662808,28013.4531097109,NA
2024-10-06,"7","0","0",27106,26125.3654902729,24427.6433224429,NA
2024-10-07,"1","0","0",38390,38509.8545974052,35404.2016328016,NA
2024-10-08,"2","0","0",39128,37297.792502273,35875.284936378,NA
2024-10-09,"3","0","0",40254,37307.9702413639,34375.6862110744,NA
2024-10-10,"4","0","0",40188,39279.5901079245,37432.8103649892,NA
2024-10-11,"5","0","0",25857,38342.6393395635,35985.2850404314,NA
2024-10-12,"6","0","0",33433,25880.280146428,27780.3717749633,NA
2024-10-13,"7","0","0",27749,25116.0837419182,24165.2885773457,NA
2024-10-14,"1","0","0",39852,38331.9218740528,35316.6055301976,NA
2024-10-15,"2","0","0",39445,37682.2917591942,35768.9550926745,NA
2024-10-16,"3","0","0",41067,37549.0423131929,34543.771353849,NA
2024-10-17,"4","0","0",28604,39620.1468043281,37400.8388737628,NA
2024-10-18,"5","0","0",42249,34897.5299503945,35906.404671061,NA
2024-10-19,"6","0","0",33908,29650.769496407,27759.8026759544,NA
2024-10-20,"7","0","0",27286,26668.0010986129,24107.0646865218,NA
2024-10-21,"1","0","0",39664,38767.6263993795,35374.6952737397,NA
2024-10-22,"2","0","0",39343,37786.7283358986,35718.625039212,NA
2024-10-23,"3","0","0",39966,37556.5181363921,34651.4332083929,NA
2024-10-24,"4","0","0",39608,39283.4281654507,37372.7722477085,NA
2024-10-25,"5","0","0",41328,38165.2207057239,35842.6347487359,NA
2024-10-26,"6","0","0",31056,30584.7975199222,27728.5069640076,NA
2024-10-27,"7","0","0",27656,26136.7140604808,24056.5159436528,NA
2024-10-28,"1","1","0",24843,23146.6736561218,20892.20013658,NA
2024-10-29,"2","0","0",39321,37976.2278784209,35686.458867336,NA
2024-10-30,"3","0","0",40571,37620.3699556849,34714.5581553538,NA
2024-10-31,"4","0","0",41139,39493.7871503984,37357.4499833386,NA
2024-11-01,"5","0","0",42468,38715.7321876107,35807.22408495,NA
2024-11-02,"6","0","0",32475,31141.5314165018,27712.8653027276,NA
2024-11-03,"7","0","0",26619,26781.8000197087,24028.8586513909,NA
2024-11-04,"1","0","0",39672,38604.3681729564,35404.6751031076,NA
2024-11-05,"2","0","0",36275,37728.3408885875,35667.5883609148,NA
2024-11-06,"3","0","0",40365,36588.7033324375,34752.4418306895,NA
2024-11-07,"4","0","0",35976,39045.7121664529,37348.0694041281,NA
2024-11-08,"5","0","0",41967,36956.6458781087,35785.6496932188,NA
2024-11-09,"6","0","0",31719,30331.3450657858,27703.0361115188,NA
2024-11-10,"7","0","0",25375,26246.6831348112,24011.9371153405,NA
2024-11-11,"1","0","0",39867,38021.3030728393,35411.9748059552,NA
2024-11-12,"2","0","0",40326,37571.1343368449,35656.2651915268,NA
2024-11-13,"3","0","0",40463,37779.2743673781,34775.0349328,NA
2024-11-14,"4","0","0",40663,39519.7156374997,37342.5045276138,NA
2024-11-15,"5","0","0",43083,38578.6172618899,35772.8346687906,NA
2024-11-16,"6","0","0",32584,31280.0638647435,27697.2446683276,NA
2024-11-17,"7","0","0",26053,26867.0491729338,24001.8970031321,NA
2024-11-18,"1","0","0",39369,38461.612491427,35416.4068476172,NA
2024-11-19,"2","0","0",39609,37581.6955337603,35649.5119919741,NA
2024-11-20,"3","0","0",39448,37562.1163467174,34788.5317279595,NA
2024-11-21,"4","0","0",40433,39125.7839965229,37339.1754121316,NA
2024-11-22,"5","0","0",41575,38360.8566686029,35765.1708865829,NA
2024-11-23,"6","0","0",29972,30733.8857395335,27693.7736286967,NA
2024-11-24,"7","0","0",25861,25858.0234284161,23995.8909076267,NA
2024-11-25,"1","0","0",39801,38026.2939226726,35419.0418649934,NA
2024-11-26,"2","0","0",37882,37552.6428579156,35645.4777718894,NA
2024-11-27,"3","0","0",39632,37018.7478851716,34796.5908767174,NA
2024-11-28,"4","0","0",40532,38979.9823565983,37337.1883040362,NA
2024-11-29,"5","0","0",41590,38337.0369787938,35760.59604674,NA
2024-11-30,"6","0","0",29868,30729.6323870305,27691.7028291522,NA
2024-12-01,"7","0","0",22907,25824.3684721843,23992.3058995677,NA
2024-12-02,"1","0","0",39072,37102.8512605394,35420.6172974489,NA
2024-12-03,"2","0","0",39158,36983.635542667,35643.0688684744,NA
2024-12-04,"3","0","0",40479,37200.1193862078,34801.4037049521,NA
2024-12-05,"4","0","0",39953,39308.769994769,37336.0015049188,NA
2024-12-06,"5","0","0",31252,38281.0513232486,35757.8637941364,NA
2024-12-07,"6","0","0",29545,27520.9298101159,27690.4658815911,NA
2024-12-08,"7","0","0",24284,24528.7273916678,23990.1647626323,NA
2024-12-09,"1","0","0",40843,37044.5152240504,35421.5578029275,NA
2024-12-10,"2","0","0",39743,37507.9978281106,35641.6303010135,NA
2024-12-11,"3","0","0",40576,37575.9659513631,34804.2777754358,NA
2024-12-12,"4","0","0",41203,39478.777408085,37335.2928051104,NA
2024-12-13,"5","0","0",42245,38729.8724132046,35756.2322123856,NA
2024-12-14,"6","0","0",31606,31078.0377117684,27689.7272617713,NA
2024-12-15,"7","0","0",26872,26490.1672695786,23988.8861766943,NA
2024-12-16,"1","0","0",40682,38573.6776524906,35422.1194953322,NA
2024-12-17,"2","0","0",40600,38028.3454401758,35640.771233339,NA
2024-12-18,"3","0","0",40548,38034.1901896369,34805.994095428,NA
2024-12-19,"4","0","0",40564,39640.9459128098,37334.8695849282,NA
2024-12-20,"5","0","0",40510,38593.2780011497,35755.2578688279,NA
2024-12-21,"6","0","0",29246,30492.1162937161,27689.2861697992,NA
2024-12-22,"7","0","0",25065,25544.0341764525,23988.1226330326,NA
2024-12-23,"1","0","0",29923,37663.7995570274,35422.4549150715,NA
2024-12-24,"2","1","0",14732,18834.525897508,21140.7682205412,NA
2024-12-25,"3","1","0",17616,17948.4360144352,20307.5290345951,NA
2024-12-26,"4","1","0",19446,20128.0713508127,22835.1268499585,NA
2024-12-27,"5","1","0",28566,19853.3102146376,21255.1860184865,NA
2024-12-28,"6","1","0",23220,14869.150709555,13189.5327629828,NA
2024-12-29,"7","1","0",21717,12907.8071469592,9488.17666660096,NA
2024-12-30,"1","1","0",28489,26966.6664413464,20923.1652198634,NA
2024-12-31,"2","1","0",19129,24987.4001448594,21140.4618633816,NA
2025-01-01,"3","1","0",13344,21597.7759281234,20308.1411005048,NA
2025-01-02,"4","0","0",28475,35708.0511999082,37334.4659233997,NA
2025-01-03,"5","0","0",30054,33399.5218478158,35754.3285530821,NA
2025-01-04,"6","0","0",22566,25331.9285440706,27688.8654633747,NA
2025-01-05,"7","0","0",15378,21560.7294066955,23987.3943756577,NA
2025-01-06,"1","0","0",33500,33191.9357565232,35422.7748362458,NA
2025-01-07,"2","0","0",34809,33807.65947016,35639.7689151844,NA
2025-01-08,"3","0","0",35247,34675.2164829285,34807.9966096263,NA
2025-01-09,"4","0","0",36263,36754.2713475947,37334.3757941748,NA
2025-01-10,"5","0","0",38140,36191.0132517228,35754.1210562113,NA
2025-01-11,"6","0","0",25626,28865.8595089585,27688.7715283559,NA
2025-01-12,"7","0","0",20667,23821.582547854,23987.2317709315,NA
2025-01-13,"1","0","0",38048,35665.5866958604,35422.8462679318,NA
2025-01-14,"2","0","0",37642,36132.1352118931,35639.6596634946,NA
2025-01-15,"3","0","0",37960,36415.24854797,34808.2148817467,NA
2025-01-16,"4","0","0",NA,NA,NA,38239.4493449446
2025-01-17,"5","0","0",NA,NA,NA,37354.0713094778
2025-01-18,"6","0","0",NA,NA,NA,29057.0385855677
2025-01-19,"7","0","0",NA,NA,NA,24950.8421630132
2025-01-20,"1","0","0",NA,NA,NA,37407.4860500099
2025-01-21,"2","0","0",NA,NA,NA,36583.9169845778
2025-01-22,"3","0","0",NA,NA,NA,36257.3784044945
2025-01-23,"4","0","0",NA,NA,NA,37655.581650993
2025-01-24,"5","0","0",NA,NA,NA,36956.3933241258
2025-01-25,"6","0","0",NA,NA,NA,28786.1762280988
2025-01-26,"7","0","0",NA,NA,NA,24766.3551675145
2025-01-27,"1","0","0",NA,NA,NA,37281.8301566395
2025-01-28,"2","0","0",NA,NA,NA,36498.3315291043
2025-01-29,"3","0","0",NA,NA,NA,36199.0853153911
